Receiver,Sharer,Benchmark,Receiver_Acc,Sharer_Acc,Routing_Acc,T2T_Acc,C2C_Acc,Receiver_Time,Sharer_Time,Routing_Time,T2T_Time,C2C_Time
Qwen3-0.6B,Qwen2.5-0.5B,MMLU-Redux,35.53,38.42,35.58,41.03,42.92,0.29,0.34,0.27,1.52,0.40
Qwen3-0.6B,Qwen2.5-0.5B,OpenBook,39.20,45.60,40.80,44.00,52.60,0.27,0.35,0.29,0.81,0.30
Qwen3-0.6B,Qwen2.5-0.5B,ARC-C,41.04,42.09,40.70,49.48,54.52,0.29,0.39,0.29,1.00,0.36
Qwen3-0.6B,Qwen2.5-0.5B,C-Eval,32.04,40.21,34.61,35.88,41.77,0.26,0.31,0.26,1.51,0.34
Qwen3-0.6B,Llama3.2-1B,MMLU-Redux,35.53,32.30,33.38,43.32,44.42,0.29,0.06,0.18,0.75,0.50
Qwen3-0.6B,Llama3.2-1B,OpenBook,39.20,32.60,36.40,41.20,47.80,0.26,0.07,0.17,0.70,0.43
Qwen3-0.6B,Llama3.2-1B,ARC-C,41.04,33.57,37.22,50.00,53.39,0.28,0.07,0.18,0.70,0.47
Qwen3-0.6B,Llama3.2-1B,C-Eval,32.04,31.31,31.92,35.27,40.77,0.25,0.04,0.15,0.71,0.49
Qwen3-0.6B,Qwen3-4B-Base,MMLU-Redux,35.53,1.03,16.39,43.87,43.95,0.29,2.06,0.28,7.54,0.45
Qwen3-0.6B,Qwen3-4B-Base,OpenBook,39.20,2.20,22.20,46.40,53.20,0.26,1.98,0.27,5.08,0.34
Qwen3-0.6B,Qwen3-4B-Base,ARC-C,41.04,1.48,19.65,53.91,55.39,0.28,2.06,0.28,6.56,0.40
Qwen3-0.6B,Qwen3-4B-Base,C-Eval,32.04,5.65,15.10,38.92,42.79,0.25,2.02,0.26,3.59,0.39
Qwen3-0.6B,Gemma3-1B,OpenBook,39.20,31.75,N/A,41.35,45.90,0.27,0.54,N/A,1.04,0.30
Qwen3-0.6B,Qwen2.5-Math-1.5B,OpenBook,39.20,39.86,N/A,43.71,46.13,0.27,8.71,N/A,6.60,0.27
Qwen3-0.6B,Qwen2.5-Coder-0.5B,OpenBook,39.20,25.09,N/A,39.74,46.89,0.27,0.26,N/A,1.59,0.27
Qwen2.5-0.5B,Qwen3-0.6B,OpenBook,38.42,39.20,N/A,32.12,43.47,0.34,0.27,N/A,0.98,0.21
Qwen3-0.6B,Qwen2.5-0.5B,OpenBook,39.20,38.42,N/A,41.03,46.50,0.27,0.34,N/A,1.52,0.26
