group,repeat,elapsed_seconds,elapsed_minutes,passed_cases,completed_cases,expected_cases,event,original_elapsed_seconds,time_divisor
48kc14,1,0.0,0.0,0,0,100,started,0.0,1.0788
48kc14,1,171.5760107414951,2.8596001790249184,0,1,100,case_completed,185.0962003879249,1.0788
48kc14,1,222.51885480664927,3.7086475801108216,0,2,100,case_completed,240.05334056541324,1.0788
48kc14,1,226.97046070373807,3.7828410117289675,0,3,100,case_completed,244.8557330071926,1.0788
48kc14,1,472.0419847769376,7.867366412948961,0,4,100,case_completed,509.2388931773603,1.0788
48kc14,1,490.5023719406831,8.17503953234472,0,5,100,case_completed,529.1539588496089,1.0788
48kc14,1,564.338473867643,9.405641231127381,0,6,100,case_completed,608.8083456084132,1.0788
48kc14,1,572.022654538823,9.533710908980384,0,7,100,case_completed,617.0980397164822,1.0788
48kc14,1,617.7394564408902,10.29565760734817,0,8,100,case_completed,666.4173256084323,1.0788
48kc14,1,748.5464213655631,12.475773689426052,1,9,100,case_completed,807.5318793691695,1.0788
48kc14,1,791.9250747957603,13.198751246596007,1,10,100,case_completed,854.3287706896663,1.0788
48kc14,1,808.471501002024,13.474525016700401,2,11,100,case_completed,872.1790552809834,1.0788
48kc14,1,1058.8042446697725,17.646737411162874,3,12,100,case_completed,1142.2380191497505,1.0788
48kc14,1,1185.1992608663725,19.753321014439543,4,13,100,case_completed,1278.5929626226425,1.0788
48kc14,1,1313.4887411501184,21.89147901916864,4,14,100,case_completed,1416.9916539527476,1.0788
48kc14,1,1314.5994462561819,21.909990770936368,5,15,100,case_completed,1418.189882621169,1.0788
48kc14,1,1351.0830535853477,22.51805089308913,5,16,100,case_completed,1457.548398207873,1.0788
48kc14,1,1398.9897722652556,23.316496204420925,5,17,100,case_completed,1509.2301663197577,1.0788
48kc14,1,1473.4229753170305,24.557049588617176,5,18,100,case_completed,1589.5287057720125,1.0788
48kc14,1,1718.0135830805882,28.633559718009803,6,19,100,case_completed,1853.3930534273386,1.0788
48kc14,1,1759.0811029615272,29.31801838269212,6,20,100,case_completed,1897.6966938748956,1.0788
48kc14,1,1877.918446078775,31.298640767979585,6,21,100,case_completed,2025.8984196297824,1.0788
48kc14,1,2053.5305924616923,34.225509874361535,7,22,100,case_completed,2215.3488031476736,1.0788
48kc14,1,2289.1395242002814,38.152325403338025,7,23,100,case_completed,2469.5237187072635,1.0788
48kc14,1,2378.08608649244,39.63476810820733,8,24,100,case_completed,2565.479270108044,1.0788
48kc14,1,2390.0221354712435,39.83370225785406,9,25,100,case_completed,2578.3558797463775,1.0788
48kc14,1,2529.5919823381896,42.159866372303156,9,26,100,case_completed,2728.9238305464387,1.0788
48kc14,1,2686.661689507357,44.777694825122616,9,27,100,case_completed,2898.3706306405365,1.0788
48kc14,1,2934.213287376964,48.90355478961607,9,28,100,case_completed,3165.429294422269,1.0788
48kc14,1,2971.050146619092,49.51750244365153,9,29,100,case_completed,3205.1688981726766,1.0788
48kc14,1,3232.5394492331184,53.87565748721864,9,30,100,case_completed,3487.263557832688,1.0788
48kc14,1,3333.246991094264,55.554116518237734,10,31,100,case_completed,3595.906853992492,1.0788
48kc14,1,3452.50802322142,57.54180038702367,10,32,100,case_completed,3724.565655451268,1.0788
48kc14,1,3572.1500055200754,59.53583342533459,10,33,100,case_completed,3853.635425955057,1.0788
48kc14,1,3689.7085119739127,61.495141866231876,11,34,100,case_completed,3980.457542717457,1.0788
48kc14,1,3729.132876086056,62.152214601434274,11,35,100,case_completed,4022.9885467216372,1.0788
48kc14,1,3786.571516548682,63.10952527581137,11,36,100,case_completed,4084.9533520527184,1.0788
48kc14,1,3915.149655267679,65.25249425446133,11,37,100,case_completed,4223.663448102772,1.0788
48kc14,1,4210.088116624094,70.16813527706823,12,38,100,case_completed,4541.8430602140725,1.0788
48kc14,1,4231.712165011337,70.52853608352228,12,39,100,case_completed,4565.17108361423,1.0788
48kc14,1,4470.6832959213425,74.5113882653557,12,40,100,case_completed,4822.973139639944,1.0788
48kc14,1,4513.1926789319,75.21987798219834,12,41,100,case_completed,4868.832262031734,1.0788
48kc14,1,4594.2544962342,76.57090827057,12,42,100,case_completed,4956.281750537455,1.0788
48kc14,1,4803.5635525090665,80.05939254181777,13,43,100,case_completed,5182.084360446781,1.0788
48kc14,1,5175.376376641302,86.25627294402169,13,44,100,case_completed,5583.196035120636,1.0788
48kc14,1,5218.804361603251,86.98007269338751,13,45,100,case_completed,5630.046145297587,1.0788
48kc14,1,5253.6096074678835,87.56016012446472,13,46,100,case_completed,5667.594044536352,1.0788
48kc14,1,5335.87450459931,88.93124174332183,14,47,100,case_completed,5756.341415561736,1.0788
48kc14,1,5406.313908801262,90.10523181335437,14,48,100,case_completed,5832.331444814801,1.0788
48kc14,1,5413.918491027501,90.23197485045834,15,49,100,case_completed,5840.535268120468,1.0788
48kc14,1,5489.369563804646,91.48949273007743,15,50,100,case_completed,5921.931885432452,1.0788
48kc14,1,5631.857681622357,93.86429469370594,15,51,100,case_completed,6075.648066934198,1.0788
48kc14,1,5733.08374869824,95.55139581163733,15,52,100,case_completed,6184.850748095661,1.0788
48kc14,1,5737.06736202149,95.61778936702484,15,53,100,case_completed,6189.148270148784,1.0788
48kc14,1,5807.833186653606,96.79721977756012,16,54,100,case_completed,6265.490441761911,1.0788
48kc14,1,5937.422708814365,98.95704514690608,16,55,100,case_completed,6405.291618268937,1.0788
48kc14,1,6039.693794728795,100.66156324547991,17,56,100,case_completed,6515.621665753424,1.0788
48kc14,1,6070.017955681357,101.16696592802262,17,57,100,case_completed,6548.335370589048,1.0788
48kc14,1,6130.722276362272,102.17870460603787,18,58,100,case_completed,6613.823191739619,1.0788
48kc14,1,6252.893563442853,104.21489272404754,18,59,100,case_completed,6745.621576242149,1.0788
48kc14,1,6431.068815256396,107.18448025427327,19,60,100,case_completed,6937.8370378986,1.0788
48kc14,1,6601.04148091267,110.01735801521117,19,61,100,case_completed,7121.203549608588,1.0788
48kc14,1,6823.988839811972,113.73314733019953,19,62,100,case_completed,7361.719160389155,1.0788
48kc14,1,6834.193972876233,113.90323288127054,19,63,100,case_completed,7372.72845793888,1.0788
48kc14,1,6960.765271429297,116.01275452382163,19,64,100,case_completed,7509.273574817926,1.0788
48kc14,1,7008.482986172985,116.80804976954975,20,65,100,case_completed,7560.751445483416,1.0788
48kc14,1,7408.722619134843,123.47871031891404,21,66,100,case_completed,7992.529961522669,1.0788
48kc14,1,7598.519786646052,126.64199644410085,21,67,100,case_completed,8197.28314583376,1.0788
48kc14,1,7787.5194305013265,129.79199050835544,22,68,100,case_completed,8401.175961624831,1.0788
48kc14,1,7854.611590137919,130.91019316896532,23,69,100,case_completed,8473.554983440787,1.0788
48kc14,1,7970.657681236178,132.84429468726964,23,70,100,case_completed,8598.74550651759,1.0788
48kc14,1,8012.613965717065,133.54356609528443,24,71,100,case_completed,8644.00794621557,1.0788
48kc14,1,8182.863540557919,136.38105900929864,24,72,100,case_completed,8827.673187553883,1.0788
48kc14,1,8734.174031142005,145.5695671857001,24,73,100,case_completed,9422.426944795996,1.0788
48kc14,1,8741.673837240798,145.6945639540133,25,74,100,case_completed,9430.517735615373,1.0788
48kc14,1,8836.515457212268,147.27525762020446,26,75,100,case_completed,9532.832875240594,1.0788
48kc14,1,9084.05759674661,151.40095994577683,26,76,100,case_completed,9799.881335370243,1.0788
48kc14,1,9161.821531817664,152.6970255302944,26,77,100,case_completed,9883.773068524897,1.0788
48kc14,1,9283.881985285783,154.73136642142973,26,78,100,case_completed,10015.451885726303,1.0788
48kc14,1,9384.796560876981,156.41327601461634,27,79,100,case_completed,10124.318529874086,1.0788
48kc14,1,9878.5322048509,164.64220341418167,27,80,100,case_completed,10656.960542593151,1.0788
48kc14,1,9999.634331802903,166.66057219671507,28,81,100,case_completed,10787.605517148972,1.0788
48kc14,1,10124.294793631772,168.73824656052955,28,82,100,case_completed,10922.089223369956,1.0788
48kc14,1,10218.503968033927,170.30839946723214,29,83,100,case_completed,11023.722080715,1.0788
48kc14,1,10505.292278824634,175.08820464707725,29,84,100,case_completed,11333.109310396016,1.0788
48kc14,1,10626.365732927183,177.10609554878639,29,85,100,case_completed,11463.723352681845,1.0788
48kc14,1,10722.618898660674,178.7103149776779,29,86,100,case_completed,11567.561267875135,1.0788
48kc14,1,10745.587181413879,179.09311969023133,29,87,100,case_completed,11592.339451309294,1.0788
48kc14,1,10761.256482753271,179.3542747125545,30,88,100,case_completed,11609.24349359423,1.0788
48kc14,1,10821.433824213884,180.35723040356473,31,89,100,case_completed,11674.162809561938,1.0788
48kc14,1,10854.758024447061,180.91263374078437,32,90,100,case_completed,11710.11295677349,1.0788
48kc14,1,11247.684285141358,187.461404752356,33,91,100,case_completed,12134.001806810498,1.0788
48kc14,1,11275.524912156168,187.92541520260278,33,92,100,case_completed,12164.036275234073,1.0788
48kc14,1,11392.618637244692,189.87697728741153,34,93,100,case_completed,12290.356985859573,1.0788
48kc14,1,11536.776371003938,192.27960618339898,35,94,100,case_completed,12445.874349039048,1.0788
48kc14,1,11676.21411291988,194.6035685486647,35,95,100,case_completed,12596.299785017967,1.0788
48kc14,1,11753.511020169906,195.89185033616508,35,96,100,case_completed,12679.687688559294,1.0788
48kc14,1,12091.021554770407,201.5170259128401,35,97,100,case_completed,13043.794053286314,1.0788
48kc14,1,12337.814848604145,205.63024747673575,35,98,100,case_completed,13310.03465867415,1.0788
48kc14,1,12488.112342476563,208.13520570794273,35,99,100,case_completed,13472.175595063716,1.0788
48kc14,1,13364.959583480655,222.74932639134425,35,100,100,case_completed,14418.118398658931,1.0788
48kc14,1,13364.959583480655,222.74932639134425,35,100,100,completed,14418.118398658931,1.0788
48kc14,2,0.0,0.0,0,0,100,started,0.0,1.0788
48kc14,2,139.5567532899504,2.32594588816584,0,1,100,case_completed,150.55382544919848,1.0788
48kc14,2,362.53410402559706,6.042235067093285,0,2,100,case_completed,391.10179142281413,1.0788
48kc14,2,418.6249473903979,6.977082456506631,0,3,100,case_completed,451.61259324476123,1.0788
48kc14,2,472.40171480328564,7.873361913388094,0,4,100,case_completed,509.62696992978454,1.0788
48kc14,2,473.7783189653013,7.896305316088355,1,5,100,case_completed,511.11205049976707,1.0788
48kc14,2,529.6147734784543,8.826912891307572,2,6,100,case_completed,571.3484176285565,1.0788
48kc14,2,644.7929463704616,10.746549106174358,2,7,100,case_completed,695.6026305444539,1.0788
48kc14,2,807.8307095116704,13.46384515852784,2,8,100,case_completed,871.48776942119,1.0788
48kc14,2,870.497100528994,14.508285008816566,2,9,100,case_completed,939.0922720506787,1.0788
48kc14,2,1010.3933299412695,16.83988883235449,3,10,100,case_completed,1090.0123243406415,1.0788
48kc14,2,1044.1601300604495,17.402668834340826,3,11,100,case_completed,1126.439948309213,1.0788
48kc14,2,1070.2778417085294,17.837964028475486,3,12,100,case_completed,1154.6157356351614,1.0788
48kc14,2,1113.7155972940527,18.561926621567544,4,13,100,case_completed,1201.476386360824,1.0788
48kc14,2,1191.0460406446794,19.85076734407799,5,14,100,case_completed,1284.90046864748,1.0788
48kc14,2,1287.9462280574169,21.465770467623614,6,15,100,case_completed,1389.4363908283412,1.0788
48kc14,2,1306.3992702767866,21.77332117127978,6,16,100,case_completed,1409.3435327745974,1.0788
48kc14,2,1363.0198048096886,22.716996746828144,6,17,100,case_completed,1470.425765428692,1.0788
48kc14,2,1878.1438540055392,31.302397566758987,7,18,100,case_completed,2026.1415897011757,1.0788
48kc14,2,2380.6344767225078,39.677241278708465,7,19,100,case_completed,2568.2284734882414,1.0788
48kc14,2,2456.9017355823057,40.94836225970509,7,20,100,case_completed,2650.5055923461914,1.0788
48kc14,2,2512.5134040380203,41.87522340063367,7,21,100,case_completed,2710.4994602762163,1.0788
48kc14,2,2537.3446151011954,42.28907691835325,7,22,100,case_completed,2737.2873707711697,1.0788
48kc14,2,2612.6884503623633,43.54480750603939,7,23,100,case_completed,2818.5683002509177,1.0788
48kc14,2,2832.645786060093,47.21076310100155,7,24,100,case_completed,3055.858274001628,1.0788
48kc14,2,2837.1117438383408,47.28519573063901,8,25,100,case_completed,3060.676149252802,1.0788
48kc14,2,2847.100458206995,47.45167430344991,8,26,100,case_completed,3071.451974313706,1.0788
48kc14,2,2912.86702753688,48.547783792281336,8,27,100,case_completed,3142.400949306786,1.0788
48kc14,2,3022.24993290332,50.37083221505533,9,28,100,case_completed,3260.4032276161015,1.0788
48kc14,2,3042.7900093069256,50.71316682178209,9,29,100,case_completed,3282.561862040311,1.0788
48kc14,2,3042.8033291880547,50.71338881980091,10,30,100,case_completed,3282.5762315280735,1.0788
48kc14,2,3053.2252414357145,50.88708735726191,11,31,100,case_completed,3293.819390460849,1.0788
48kc14,2,3176.9018942952257,52.948364904920425,12,32,100,case_completed,3427.2417635656893,1.0788
48kc14,2,3389.986000712001,56.499766678533355,12,33,100,case_completed,3657.1168975681067,1.0788
48kc14,2,3519.5693948565477,58.659489914275795,12,34,100,case_completed,3796.9114631712437,1.0788
48kc14,2,3569.353855072397,59.48923091787328,12,35,100,case_completed,3850.6189388521016,1.0788
48kc14,2,3623.428748886719,60.39047914811197,12,36,100,case_completed,3908.954934298992,1.0788
48kc14,2,3891.1849568319303,64.85308261386551,12,37,100,case_completed,4197.810331430286,1.0788
48kc14,2,4098.590752721098,68.30984587868497,12,38,100,case_completed,4421.559704035521,1.0788
48kc14,2,4262.350526692544,71.03917544487572,13,39,100,case_completed,4598.223748195916,1.0788
48kc14,2,4356.5737426731275,72.60956237788545,13,40,100,case_completed,4699.871753595769,1.0788
48kc14,2,4433.462268396284,73.89103780660473,13,41,100,case_completed,4782.819095145911,1.0788
48kc14,2,4470.495217865486,74.50825363109143,13,42,100,case_completed,4822.770241033286,1.0788
48kc14,2,4709.742643784429,78.49571072974048,13,43,100,case_completed,5080.870364114642,1.0788
48kc14,2,4987.743314763778,83.12905524606296,14,44,100,case_completed,5380.777487967163,1.0788
48kc14,2,5107.729189252584,85.1288198208764,15,45,100,case_completed,5510.218249365687,1.0788
48kc14,2,5518.89782782173,91.98163046369551,15,46,100,case_completed,5953.7869766540825,1.0788
48kc14,2,5702.737664809388,95.04562774682313,15,47,100,case_completed,6152.113392796367,1.0788
48kc14,2,5956.12760532052,99.26879342200867,16,48,100,case_completed,6425.470460619777,1.0788
48kc14,2,5956.16663457024,99.26944390950399,16,49,100,case_completed,6425.512565374374,1.0788
48kc14,2,5981.6187494121905,99.69364582353651,16,50,100,case_completed,6452.970306865871,1.0788
48kc14,2,6071.721028403957,101.19535047339927,16,51,100,case_completed,6550.172645442188,1.0788
48kc14,2,6583.624763882515,109.72707939804192,16,52,100,case_completed,7102.414395276457,1.0788
48kc14,2,6651.370549421864,110.85617582369773,16,53,100,case_completed,7175.498548716307,1.0788
48kc14,2,6900.849349711824,115.01415582853039,16,54,100,case_completed,7444.6362784691155,1.0788
48kc14,2,6910.602507134157,115.17670845223594,16,55,100,case_completed,7455.157984696329,1.0788
48kc14,2,7164.312646633465,119.40521077722441,16,56,100,case_completed,7728.860483188182,1.0788
48kc14,2,7356.714175853148,122.61190293088578,16,57,100,case_completed,7936.423252910376,1.0788
48kc14,2,7425.4558478786985,123.75759746464497,16,58,100,case_completed,8010.58176869154,1.0788
48kc14,2,7566.976744403962,126.11627907339935,16,59,100,case_completed,8163.254511862993,1.0788
48kc14,2,7700.900678617157,128.34834464361927,16,60,100,case_completed,8307.731652092189,1.0788
48kc14,2,7963.272105722178,132.72120176203632,16,61,100,case_completed,8590.777947653085,1.0788
48kc14,2,8041.405061071322,134.02341768452203,16,62,100,case_completed,8675.067779883742,1.0788
48kc14,2,8422.97350441499,140.38289174024985,17,63,100,case_completed,9086.703816562891,1.0788
48kc14,2,8760.693556476146,146.01155927460243,18,64,100,case_completed,9451.036208726466,1.0788
48kc14,2,8896.931185942001,148.2821864323667,18,65,100,case_completed,9598.00936339423,1.0788
48kc14,2,8936.627093391078,148.94378488985132,19,66,100,case_completed,9640.833308350295,1.0788
48kc14,2,9000.353901003013,150.00589835005022,20,67,100,case_completed,9709.58178840205,1.0788
48kc14,2,9069.426350173302,151.1571058362217,20,68,100,case_completed,9784.097146566957,1.0788
48kc14,2,9591.203176119137,159.8533862686523,20,69,100,case_completed,10346.989986397326,1.0788
48kc14,2,9780.781053964562,163.01301756607603,21,70,100,case_completed,10551.506601016968,1.0788
48kc14,2,9859.017672039317,164.3169612006553,21,71,100,case_completed,10635.908264596015,1.0788
48kc14,2,10004.603250568935,166.74338750948226,21,72,100,case_completed,10792.965986713767,1.0788
48kc14,2,11101.843487163318,185.03072478605532,22,73,100,case_completed,11976.668753951788,1.0788
48kc14,2,11215.698375554137,186.9283062592356,22,74,100,case_completed,12099.495407547802,1.0788
48kc14,2,11223.527620676705,187.0587936779451,22,75,100,case_completed,12107.941597186029,1.0788
48kc14,2,11429.158100809296,190.4859683468216,22,76,100,case_completed,12329.775759153068,1.0788
48kc14,2,11645.976162101544,194.09960270169242,22,77,100,case_completed,12563.679083675146,1.0788
48kc14,2,12099.844807783791,201.66408012972983,22,78,100,case_completed,13053.312578637153,1.0788
48kc14,2,12168.925117596316,202.81541862660524,23,79,100,case_completed,13127.836416862905,1.0788
48kc14,2,12208.368972017754,203.4728162002959,23,80,100,case_completed,13170.388447012752,1.0788
48kc14,2,12420.82934433986,207.0138224056643,23,81,100,case_completed,13399.59069667384,1.0788
48kc14,2,12941.223583548493,215.68705972580824,23,82,100,case_completed,13960.992001932114,1.0788
48kc14,2,13092.892865198335,218.2148810866389,24,83,100,case_completed,14124.612822975963,1.0788
48kc14,2,13182.784805387193,219.71308008978653,24,84,100,case_completed,14221.588248051703,1.0788
48kc14,2,13370.554174918476,222.8425695819746,24,85,100,case_completed,14424.153843902051,1.0788
48kc14,2,13433.503036114118,223.89171726856864,25,86,100,case_completed,14492.06307535991,1.0788
48kc14,2,13595.91475052536,226.59857917542266,26,87,100,case_completed,14667.272832866758,1.0788
48kc14,2,13653.891610460267,227.56486017433778,26,88,100,case_completed,14729.818269364536,1.0788
48kc14,2,13744.73306341777,229.0788843902962,26,89,100,case_completed,14827.81802881509,1.0788
48kc14,2,13808.79758651381,230.14662644189687,26,90,100,case_completed,14896.9308363311,1.0788
48kc14,2,13961.863787268096,232.69772978780162,26,91,100,case_completed,15062.058653704822,1.0788
48kc14,2,13973.123416522829,232.8853902753805,26,92,100,case_completed,15074.205541744828,1.0788
48kc14,2,14478.403041235933,241.3067173539322,26,93,100,case_completed,15619.301200885326,1.0788
48kc14,2,14524.737517675747,242.07895862792913,27,94,100,case_completed,15669.286834068596,1.0788
48kc14,2,14591.90812297193,243.19846871619885,27,95,100,case_completed,15741.750483062118,1.0788
48kc14,2,14591.987833137595,243.19979721895993,27,96,100,case_completed,15741.836474388838,1.0788
48kc14,2,14598.668925868176,243.31114876446958,27,97,100,case_completed,15749.044037226588,1.0788
48kc14,2,14650.965654168625,244.18276090281043,27,98,100,case_completed,15805.461747717112,1.0788
48kc14,2,14873.765608476055,247.89609347460092,27,99,100,case_completed,16045.818338423967,1.0788
48kc14,2,15096.868029707532,251.6144671617922,28,100,100,case_completed,16286.501230448484,1.0788
48kc14,2,15096.868029707532,251.6144671617922,28,100,100,completed,16286.501230448484,1.0788
48kc14,3,0.0,0.0,0,0,100,started,0.0,1.0788
48kc14,3,152.82100802743685,2.5470168004572806,0,1,100,case_completed,164.86330345999886,1.0788
48kc14,3,171.23076903874534,2.8538461506457558,1,2,100,case_completed,184.72375363899846,1.0788
48kc14,3,221.20259253336974,3.6867098755561623,1,3,100,case_completed,238.63335682499928,1.0788
48kc14,3,240.50563592788123,4.008427265464688,1,4,100,case_completed,259.45748003899826,1.0788
48kc14,3,455.3213130126062,7.588688550210103,1,5,100,case_completed,491.20063247799953,1.0788
48kc14,3,469.11488586021375,7.8185814310035635,1,6,100,case_completed,506.0811388659986,1.0788
48kc14,3,613.4258137282161,10.223763562136936,1,7,100,case_completed,661.7637678499996,1.0788
48kc14,3,616.4853588885796,10.274755981476325,1,8,100,case_completed,665.0644051689997,1.0788
48kc14,3,690.957214495735,11.515953574928918,1,9,100,case_completed,745.404642997999,1.0788
48kc14,3,896.931980180756,14.948866336345933,1,10,100,case_completed,967.6102202189995,1.0788
48kc14,3,991.9953257804958,16.53325542967493,2,11,100,case_completed,1070.164557451999,1.0788
48kc14,3,1048.9864868075629,17.48310811345938,2,12,100,case_completed,1131.6466219679987,1.0788
48kc14,3,1100.3563615072292,18.33927269178715,3,13,100,case_completed,1187.0644427939988,1.0788
48kc14,3,1111.3771096829796,18.522951828049663,4,14,100,case_completed,1198.9536259259985,1.0788
48kc14,3,1114.46797856229,18.5744663093715,4,15,100,case_completed,1202.2880552729985,1.0788
48kc14,3,1207.9901957851303,20.133169929752174,5,16,100,case_completed,1303.1798232129986,1.0788
48kc14,3,1230.8489659056343,20.514149431760575,5,17,100,case_completed,1327.8398644189983,1.0788
48kc14,3,1254.0326856813117,20.900544761355192,5,18,100,case_completed,1352.850461312999,1.0788
48kc14,3,1272.034231105858,21.20057051843097,5,19,100,case_completed,1372.2705285169995,1.0788
48kc14,3,1580.771757433258,26.346195957220967,6,20,100,case_completed,1705.3365719189987,1.0788
48kc14,3,1621.335617956989,27.022260299283147,6,21,100,case_completed,1749.0968646519996,1.0788
48kc14,3,1847.7661769456802,30.796102949094667,6,22,100,case_completed,1993.3701516889996,1.0788
48kc14,3,1851.04028876344,30.850671479390666,6,23,100,case_completed,1996.902263517999,1.0788
48kc14,3,1852.6593577614003,30.877655962690007,7,24,100,case_completed,1998.6489151529986,1.0788
48kc14,3,1964.5629692686312,32.742716154477186,7,25,100,case_completed,2119.3705312469992,1.0788
48kc14,3,2023.0288601205039,33.71714766867507,7,26,100,case_completed,2182.4435342979996,1.0788
48kc14,3,2231.8393930348525,37.197323217247536,8,27,100,case_completed,2407.7083372059988,1.0788
48kc14,3,2497.3063046190205,41.621771743650335,8,28,100,case_completed,2694.094041422999,1.0788
48kc14,3,2526.728548706896,42.11214247844827,8,29,100,case_completed,2725.8347583449995,1.0788
48kc14,3,2548.596650090841,42.47661083484736,9,30,100,case_completed,2749.4260661179997,1.0788
48kc14,3,2575.189726122543,42.91982876870905,9,31,100,case_completed,2778.1146765409994,1.0788
48kc14,3,2860.3070645226167,47.67178440871028,9,32,100,case_completed,3085.699261206999,1.0788
48kc14,3,2888.703390085279,48.145056501421315,9,33,100,case_completed,3116.333217223999,1.0788
48kc14,3,3044.1422061883572,50.735703436472626,9,34,100,case_completed,3284.020612036,1.0788
48kc14,3,3071.8751143196137,51.19791857199357,9,35,100,case_completed,3313.9388733279993,1.0788
48kc14,3,3220.704675388394,53.67841125647324,9,36,100,case_completed,3474.496203809,1.0788
48kc14,3,3233.1274101983677,53.88545683663946,10,37,100,case_completed,3487.897850121999,1.0788
48kc14,3,3450.5069285020386,57.508448808367305,10,38,100,case_completed,3722.406874467999,1.0788
48kc14,3,3612.266812459213,60.20444687432021,11,39,100,case_completed,3896.9134372809986,1.0788
48kc14,3,3710.149817455505,61.83583029092508,12,40,100,case_completed,4002.5096230709987,1.0788
48kc14,3,3943.561507893956,65.72602513156592,12,41,100,case_completed,4254.314154715999,1.0788
48kc14,3,4149.904051631442,69.16506752719069,12,42,100,case_completed,4476.916490899999,1.0788
48kc14,3,4430.438351527623,73.84063919212706,13,43,100,case_completed,4779.556893628,1.0788
48kc14,3,4747.129661543381,79.11882769238969,13,44,100,case_completed,5121.203478873,1.0788
48kc14,3,4747.24670586763,79.12077843112716,14,45,100,case_completed,5121.329746289999,1.0788
48kc14,3,4748.911294560622,79.14852157601037,15,46,100,case_completed,5123.125504571999,1.0788
48kc14,3,4827.4396806878,80.45732801146333,15,47,100,case_completed,5207.8419275259985,1.0788
48kc14,3,4900.3151600787905,81.6719193346465,15,48,100,case_completed,5286.459994692999,1.0788
48kc14,3,4974.380311452539,82.90633852420899,15,49,100,case_completed,5366.361479994999,1.0788
48kc14,3,5141.032145951055,85.68386909918425,15,50,100,case_completed,5546.145479051998,1.0788
48kc14,3,5282.023832656656,88.03373054427759,16,51,100,case_completed,5698.24731067,1.0788
48kc14,3,5688.759005970522,94.8126500995087,17,52,100,case_completed,6137.033215640999,1.0788
48kc14,3,5900.191615815721,98.33652693026202,17,53,100,case_completed,6365.126715142,1.0788
48kc14,3,6165.871161401557,102.76451935669263,17,54,100,case_completed,6651.74180892,1.0788
48kc14,3,6267.009118481645,104.45015197469408,17,55,100,case_completed,6760.849437017998,1.0788
48kc14,3,6377.140720508898,106.2856786751483,18,56,100,case_completed,6879.659409284999,1.0788
48kc14,3,6408.028584320539,106.80047640534231,19,57,100,case_completed,6912.981236764997,1.0788
48kc14,3,6676.899133383388,111.28165222305647,20,58,100,case_completed,7203.038785093999,1.0788
48kc14,3,6887.309939528177,114.7884989921363,20,59,100,case_completed,7430.0299627629975,1.0788
48kc14,3,7000.690175489431,116.6781695914905,20,60,100,case_completed,7552.344561317997,1.0788
48kc14,3,7008.1825220977,116.80304203496166,20,61,100,case_completed,7560.427304838999,1.0788
48kc14,3,7214.198264407673,120.23663774012789,20,62,100,case_completed,7782.677087642998,1.0788
48kc14,3,7269.27750805432,121.15462513423866,20,63,100,case_completed,7842.096575689,1.0788
48kc14,3,7284.862742250648,121.41437903751081,21,64,100,case_completed,7858.9099263399985,1.0788
48kc14,3,7676.2659702169085,127.9377661702818,22,65,100,case_completed,8281.15572867,1.0788
48kc14,3,7728.454773421393,128.80757955702322,22,66,100,case_completed,8337.457009566999,1.0788
48kc14,3,7779.641352955135,129.66068921591892,22,67,100,case_completed,8392.677091567999,1.0788
48kc14,3,7839.577876726917,130.65963127878194,23,68,100,case_completed,8457.336613412997,1.0788
48kc14,3,7955.140991566554,132.5856831927759,23,69,100,case_completed,8582.006101701998,1.0788
48kc14,3,8012.623925473675,133.5437320912279,23,70,100,case_completed,8644.018690801,1.0788
48kc14,3,8069.359999763624,134.48933332939373,23,71,100,case_completed,8705.225567744998,1.0788
48kc14,3,8639.949859990731,143.99916433317884,24,72,100,case_completed,9320.777908958,1.0788
48kc14,3,8727.00732287171,145.4501220478618,25,73,100,case_completed,9414.695499914,1.0788
48kc14,3,9030.001175758249,150.5000195959708,25,74,100,case_completed,9741.565268407998,1.0788
48kc14,3,9093.345221433074,151.55575369055123,25,75,100,case_completed,9809.900824882,1.0788
48kc14,3,9524.772284615312,158.74620474358852,26,76,100,case_completed,10275.324340642997,1.0788
48kc14,3,9647.766277525954,160.79610462543255,27,77,100,case_completed,10408.010260194998,1.0788
48kc14,3,9659.286194200036,160.98810323666726,28,78,100,case_completed,10420.437946302998,1.0788
48kc14,3,9929.396558242492,165.4899426373749,28,79,100,case_completed,10711.833007032,1.0788
48kc14,3,10067.49051508157,167.79150858469285,28,80,100,case_completed,10860.808767669998,1.0788
48kc14,3,10221.562225507045,170.35937042511742,29,81,100,case_completed,11027.021328877,1.0788
48kc14,3,10229.674238306452,170.49457063844085,29,82,100,case_completed,11035.772568285,1.0788
48kc14,3,10349.270698079346,172.4878449679891,29,83,100,case_completed,11164.793229087998,1.0788
48kc14,3,10622.15965880052,177.035994313342,29,84,100,case_completed,11459.185839914,1.0788
48kc14,3,10736.847835985353,178.9474639330892,29,85,100,case_completed,11582.911445460999,1.0788
48kc14,3,10836.239598004262,180.60399330007104,29,86,100,case_completed,11690.135278326998,1.0788
48kc14,3,11237.760873314794,187.29601455524656,30,87,100,case_completed,12123.296430131999,1.0788
48kc14,3,11240.158623291618,187.3359770548603,31,88,100,case_completed,12125.883122806998,1.0788
48kc14,3,11244.114609246386,187.40191015410642,31,89,100,case_completed,12130.150840455,1.0788
48kc14,3,11399.481417128289,189.99135695213815,31,90,100,case_completed,12297.760552797998,1.0788
48kc14,3,11489.201416289396,191.48669027148995,31,91,100,case_completed,12394.550487893,1.0788
48kc14,3,11512.64034261216,191.877339043536,31,92,100,case_completed,12419.836401609999,1.0788
48kc14,3,11594.354342657582,193.23923904429302,32,93,100,case_completed,12507.989464858998,1.0788
48kc14,3,11595.733940545975,193.26223234243292,32,94,100,case_completed,12509.477775060997,1.0788
48kc14,3,11828.699458931218,197.14499098218698,32,95,100,case_completed,12760.800976294999,1.0788
48kc14,3,11876.514542043937,197.94190903406562,33,96,100,case_completed,12812.383887957,1.0788
48kc14,3,11925.668342443456,198.76113904072426,34,97,100,case_completed,12865.411007828,1.0788
48kc14,3,11969.505771658323,199.49176286097207,34,98,100,case_completed,12912.702826465,1.0788
48kc14,3,12217.462207384131,203.62437012306884,34,99,100,case_completed,13180.198229326,1.0788
48kc14,3,12704.895517083796,211.7482586180633,34,100,100,case_completed,13706.04128383,1.0788
48kc14,3,12704.895517083796,211.7482586180633,34,100,100,completed,13706.04128383,1.0788
96kc12,1,0.0,0.0,0,0,100,started,0.0,1.13
96kc12,1,191.11954748168986,3.1853257913614974,0,1,100,case_completed,215.9650886543095,1.13
96kc12,1,230.26934539388242,3.837822423231373,1,2,100,case_completed,260.2043602950871,1.13
96kc12,1,263.75754137350395,4.3959590228917325,1,3,100,case_completed,298.04602175205946,1.13
96kc12,1,307.73210831777715,5.128868471962953,1,4,100,case_completed,347.73728239908814,1.13
96kc12,1,461.8188013907819,7.696980023179698,1,5,100,case_completed,521.8552455715835,1.13
96kc12,1,511.66506128435117,8.527751021405853,1,6,100,case_completed,578.1815192513168,1.13
96kc12,1,529.6684322367728,8.827807203946213,1,7,100,case_completed,598.5253284275532,1.13
96kc12,1,602.0636816335991,10.034394693893319,2,8,100,case_completed,680.3319602459669,1.13
96kc12,1,704.7200132029511,11.745333553382519,3,9,100,case_completed,796.3336149193347,1.13
96kc12,1,823.7763188087044,13.729605313478407,3,10,100,case_completed,930.8672402538359,1.13
96kc12,1,881.5097558847835,14.691829264746392,3,11,100,case_completed,996.1060241498053,1.13
96kc12,1,934.9361605975217,15.582269343292028,4,12,100,case_completed,1056.4778614751995,1.13
96kc12,1,1020.0116390411833,17.00019398401972,4,13,100,case_completed,1152.613152116537,1.13
96kc12,1,1126.7414911658364,18.779024852763943,4,14,100,case_completed,1273.217885017395,1.13
96kc12,1,1173.0621983717501,19.55103663952917,4,15,100,case_completed,1325.5602841600776,1.13
96kc12,1,1383.268648395892,23.054477473264864,5,16,100,case_completed,1563.0935726873577,1.13
96kc12,1,1403.3623538812442,23.389372564687402,5,17,100,case_completed,1585.7994598858058,1.13
96kc12,1,1450.5044461912023,24.175074103186706,5,18,100,case_completed,1639.0700241960585,1.13
96kc12,1,1609.2677392296296,26.821128987160495,5,19,100,case_completed,1818.4725453294814,1.13
96kc12,1,1751.225372209354,29.18708953682257,5,20,100,case_completed,1978.8846705965698,1.13
96kc12,1,1794.403922462226,29.906732041037102,5,21,100,case_completed,2027.6764323823154,1.13
96kc12,1,1845.4855589608178,30.75809264934696,6,22,100,case_completed,2085.398681625724,1.13
96kc12,1,1958.4404462701189,32.64067410450198,6,23,100,case_completed,2213.037704285234,1.13
96kc12,1,1983.9741771925342,33.066236286542235,7,24,100,case_completed,2241.8908202275634,1.13
96kc12,1,2223.6832693351057,37.06138782225176,8,25,100,case_completed,2512.762094348669,1.13
96kc12,1,2398.5084608329084,39.9751410138818,9,26,100,case_completed,2710.314560741186,1.13
96kc12,1,2410.4509345989313,40.17418224331552,9,27,100,case_completed,2723.809556096792,1.13
96kc12,1,2414.0398212996997,40.23399702166166,10,28,100,case_completed,2727.8649980686605,1.13
96kc12,1,2444.1318664567925,40.73553110761321,10,29,100,case_completed,2761.8690090961754,1.13
96kc12,1,2455.7977340950642,40.92996223491773,11,30,100,case_completed,2775.051439527422,1.13
96kc12,1,2535.7641794809465,42.26273632468244,11,31,100,case_completed,2865.413522813469,1.13
96kc12,1,2661.5763896960866,44.35960649493478,11,32,100,case_completed,3007.5813203565776,1.13
96kc12,1,2685.2365715346773,44.75394285891129,12,33,100,case_completed,3034.317325834185,1.13
96kc12,1,2902.6418665704214,48.37736444284035,12,34,100,case_completed,3279.9853092245758,1.13
96kc12,1,2902.6554711657554,48.37759118609593,12,35,100,case_completed,3280.0006824173033,1.13
96kc12,1,3098.3444631528278,51.63907438588046,13,36,100,case_completed,3501.129243362695,1.13
96kc12,1,3129.0450999793493,52.15075166632249,13,37,100,case_completed,3535.8209629766643,1.13
96kc12,1,3143.744801423323,52.39574669038872,13,38,100,case_completed,3552.431625608355,1.13
96kc12,1,3144.733835361173,52.41223058935289,14,39,100,case_completed,3553.549233958125,1.13
96kc12,1,3148.3471578399167,52.47245263066528,15,40,100,case_completed,3557.6322883591056,1.13
96kc12,1,3321.8391756601304,55.363986261002175,15,41,100,case_completed,3753.678268495947,1.13
96kc12,1,3751.710006611142,62.528500110185696,15,42,100,case_completed,4239.43230747059,1.13
96kc12,1,3887.8451689978883,64.79741948329814,15,43,100,case_completed,4393.2650409676135,1.13
96kc12,1,4117.834341694164,68.6305723615694,16,44,100,case_completed,4653.152806114405,1.13
96kc12,1,4136.533099920613,68.94221833201023,16,45,100,case_completed,4674.282402910292,1.13
96kc12,1,4210.444406429883,70.17407344049805,16,46,100,case_completed,4757.802179265767,1.13
96kc12,1,4234.164917307486,70.5694152884581,16,47,100,case_completed,4784.606356557459,1.13
96kc12,1,4280.00723335859,71.33345388930984,16,48,100,case_completed,4836.408173695207,1.13
96kc12,1,4359.109619167527,72.65182698612544,16,49,100,case_completed,4925.793869659305,1.13
96kc12,1,4373.539465580103,72.89232442633505,16,50,100,case_completed,4942.099596105516,1.13
96kc12,1,4432.568893776135,73.87614822960226,16,51,100,case_completed,5008.802849967033,1.13
96kc12,1,4719.360936947365,78.65601561578943,16,52,100,case_completed,5332.877858750522,1.13
96kc12,1,4725.250150431442,78.75416917385738,17,53,100,case_completed,5339.5326699875295,1.13
96kc12,1,4900.088671941014,81.66814453235023,18,54,100,case_completed,5537.100199293345,1.13
96kc12,1,5059.554648340013,84.32591080566688,18,55,100,case_completed,5717.296752624214,1.13
96kc12,1,5170.398533390423,86.17330888984038,19,56,100,case_completed,5842.550342731178,1.13
96kc12,1,5253.379174160351,87.55631956933918,19,57,100,case_completed,5936.318466801196,1.13
96kc12,1,5310.943056316634,88.51571760527725,20,58,100,case_completed,6001.365653637797,1.13
96kc12,1,5464.457410801433,91.0742901800239,20,59,100,case_completed,6174.836874205619,1.13
96kc12,1,5637.351357831365,93.95585596385608,20,60,100,case_completed,6370.2070343494415,1.13
96kc12,1,5686.870699431913,94.78117832386522,21,61,100,case_completed,6426.163890358061,1.13
96kc12,1,5718.984109047899,95.31640181746499,21,62,100,case_completed,6462.452043224126,1.13
96kc12,1,5749.60322015449,95.82672033590818,21,63,100,case_completed,6497.051638774574,1.13
96kc12,1,5889.846038109566,98.16410063515943,22,64,100,case_completed,6655.526023063809,1.13
96kc12,1,5905.849247969753,98.43082079949589,22,65,100,case_completed,6673.609650205821,1.13
96kc12,1,6011.991646490266,100.19986077483777,23,66,100,case_completed,6793.550560534,1.13
96kc12,1,6018.629600790091,100.31049334650152,23,67,100,case_completed,6801.051448892802,1.13
96kc12,1,6124.98487886536,102.08308131442266,23,68,100,case_completed,6921.232913117856,1.13
96kc12,1,6176.566559903786,102.94277599839643,23,69,100,case_completed,6979.520212691277,1.13
96kc12,1,6480.542114251747,108.00903523752912,23,70,100,case_completed,7323.012589104474,1.13
96kc12,1,6570.766663831552,109.51277773052587,24,71,100,case_completed,7424.966330129653,1.13
96kc12,1,6714.847127044887,111.91411878408145,25,72,100,case_completed,7587.777253560722,1.13
96kc12,1,6726.510800124534,112.1085133354089,25,73,100,case_completed,7600.957204140723,1.13
96kc12,1,6803.422460899549,113.3903743483258,26,74,100,case_completed,7687.8673808164895,1.13
96kc12,1,6844.354529652448,114.07257549420747,26,75,100,case_completed,7734.120618507266,1.13
96kc12,1,6921.6594479417645,115.36099079902941,26,76,100,case_completed,7821.475176174194,1.13
96kc12,1,6959.165891619252,115.98609819365419,27,77,100,case_completed,7863.857457529753,1.13
96kc12,1,7061.483999602167,117.69139999336946,28,78,100,case_completed,7979.476919550449,1.13
96kc12,1,7133.976119717138,118.89960199528564,29,79,100,case_completed,8061.393015280366,1.13
96kc12,1,7142.104485706815,119.03507476178024,29,80,100,case_completed,8070.578068848699,1.13
96kc12,1,7325.787541672456,122.09645902787427,30,81,100,case_completed,8278.139922089875,1.13
96kc12,1,7383.639763935214,123.06066273225358,30,82,100,case_completed,8343.512933246791,1.13
96kc12,1,7513.395636561699,125.22326060936163,30,83,100,case_completed,8490.137069314718,1.13
96kc12,1,7521.558952156818,125.3593158692803,30,84,100,case_completed,8499.361615937203,1.13
96kc12,1,7625.9506352905155,127.09917725484192,30,85,100,case_completed,8617.324217878282,1.13
96kc12,1,7679.006689209987,127.98344482016643,31,86,100,case_completed,8677.277558807284,1.13
96kc12,1,7701.873881699502,128.36456469499169,32,87,100,case_completed,8703.117486320436,1.13
96kc12,1,7820.295146496687,130.33825244161144,32,88,100,case_completed,8836.933515541255,1.13
96kc12,1,7823.19841288294,130.38664021471567,33,89,100,case_completed,8840.21420655772,1.13
96kc12,1,7825.856453918778,130.4309408986463,34,90,100,case_completed,8843.217792928219,1.13
96kc12,1,7848.658466602849,130.81097444338081,35,91,100,case_completed,8868.984067261219,1.13
96kc12,1,7960.673775322802,132.67789625538003,36,92,100,case_completed,8995.561366114765,1.13
96kc12,1,8146.922025371311,135.78203375618853,36,93,100,case_completed,9206.02188866958,1.13
96kc12,1,8283.859610432282,138.06432684053803,37,94,100,case_completed,9360.761359788477,1.13
96kc12,1,8298.871655755604,138.31452759592673,38,95,100,case_completed,9377.72497100383,1.13
96kc12,1,8341.151739772311,139.01919566287185,39,96,100,case_completed,9425.50146594271,1.13
96kc12,1,8362.188849495971,139.3698141582662,39,97,100,case_completed,9449.273399930447,1.13
96kc12,1,8435.982965974681,140.59971609957805,40,98,100,case_completed,9532.66075155139,1.13
96kc12,1,8564.668865567815,142.74448109279692,40,99,100,case_completed,9678.075818091631,1.13
96kc12,1,9705.226718222279,161.75377863703798,40,100,100,case_completed,10966.906191591173,1.13
96kc12,1,9705.226718222279,161.75377863703798,40,100,100,completed,10966.906191591173,1.13
96kc12,2,0.0,0.0,0,0,100,started,0.0,1.13
96kc12,2,165.0552829838795,2.750921383064658,0,1,100,case_completed,186.5124697717838,1.13
96kc12,2,256.2083491414736,4.270139152357894,1,2,100,case_completed,289.51543452986516,1.13
96kc12,2,284.3083590839833,4.738472651399722,1,3,100,case_completed,321.2684457649011,1.13
96kc12,2,311.64605762475725,5.194100960412621,1,4,100,case_completed,352.16004511597566,1.13
96kc12,2,416.2035671954942,6.936726119924903,1,5,100,case_completed,470.3100309309084,1.13
96kc12,2,455.9057505440742,7.59842917573457,2,6,100,case_completed,515.1734981148038,1.13
96kc12,2,484.5088154291817,8.075146923819695,2,7,100,case_completed,547.4949614349753,1.13
96kc12,2,510.88945915390934,8.51482431923182,2,8,100,case_completed,577.3050888439175,1.13
96kc12,2,527.7787952317107,8.796313253861845,2,9,100,case_completed,596.390038611833,1.13
96kc12,2,609.1920762751416,10.153201271252362,3,10,100,case_completed,688.38704619091,1.13
96kc12,2,662.7204031034464,11.045340051724107,3,11,100,case_completed,748.8740555068944,1.13
96kc12,2,736.0716962201966,12.267861603669944,3,12,100,case_completed,831.7610167288221,1.13
96kc12,2,771.4843140325748,12.858071900542916,4,13,100,case_completed,871.7772748568095,1.13
96kc12,2,839.9858768335008,13.999764613891681,5,14,100,case_completed,949.1840408218559,1.13
96kc12,2,863.7985672097061,14.396642786828435,6,15,100,case_completed,976.0923809469678,1.13
96kc12,2,925.1616235768869,15.419360392948114,7,16,100,case_completed,1045.432634641882,1.13
96kc12,2,944.630982085807,15.743849701430118,8,17,100,case_completed,1067.4330097569618,1.13
96kc12,2,965.4832525662996,16.09138754277166,8,18,100,case_completed,1090.9960753999185,1.13
96kc12,2,1115.5391864317874,18.592319773863125,9,19,100,case_completed,1260.5592806679197,1.13
96kc12,2,1284.9600082450852,21.416000137418088,9,20,100,case_completed,1452.0048093169462,1.13
96kc12,2,1312.0756237759397,21.867927062932328,9,21,100,case_completed,1482.6454548668116,1.13
96kc12,2,1430.0171636759956,23.83361939459993,9,22,100,case_completed,1615.9193949538749,1.13
96kc12,2,1490.5033182175584,24.84172197029264,9,23,100,case_completed,1684.2687495858409,1.13
96kc12,2,1492.381846065328,24.87303076775547,10,24,100,case_completed,1686.3914860538207,1.13
96kc12,2,1520.4231926388381,25.340386543980635,10,25,100,case_completed,1718.0782076818869,1.13
96kc12,2,1663.703875189268,27.728397919821134,10,26,100,case_completed,1879.9853789638728,1.13
96kc12,2,1666.1020034963299,27.768366724938833,11,27,100,case_completed,1882.6952639508527,1.13
96kc12,2,1738.46309180969,28.974384863494834,12,28,100,case_completed,1964.4632937449496,1.13
96kc12,2,1767.1324825874506,29.452208043124173,12,29,100,case_completed,1996.859705323819,1.13
96kc12,2,1834.073335905271,30.56788893175452,12,30,100,case_completed,2072.502869572956,1.13
96kc12,2,1860.8725299512705,31.01454216585451,12,31,100,case_completed,2102.7859588449355,1.13
96kc12,2,1896.9745992272847,31.616243320454746,12,32,100,case_completed,2143.5812971268315,1.13
96kc12,2,2272.530998522828,37.87551664204713,13,33,100,case_completed,2567.9600283307955,1.13
96kc12,2,2402.158024058414,40.03596706764023,13,34,100,case_completed,2714.4385671860073,1.13
96kc12,2,2433.4942841104985,40.55823806850831,14,35,100,case_completed,2749.848541044863,1.13
96kc12,2,2715.299559663569,45.25499266105949,14,36,100,case_completed,3068.288502419833,1.13
96kc12,2,2745.655229450327,45.76092049083879,14,37,100,case_completed,3102.5904092788696,1.13
96kc12,2,3095.688413954711,51.594806899245185,14,38,100,case_completed,3498.127907768823,1.13
96kc12,2,3165.517699714149,52.758628328569145,15,39,100,case_completed,3577.0350006769877,1.13
96kc12,2,3182.076107540613,53.03460179234356,16,40,100,case_completed,3595.7460015208926,1.13
96kc12,2,3182.7345540361744,53.04557590060291,17,41,100,case_completed,3596.490046060877,1.13
96kc12,2,3227.3735043450583,53.789558405750974,17,42,100,case_completed,3646.9320599099156,1.13
96kc12,2,3306.540420205143,55.10900700341905,17,43,100,case_completed,3736.3906748318113,1.13
96kc12,2,3367.171707009666,56.119528450161106,17,44,100,case_completed,3804.9040289209224,1.13
96kc12,2,3397.1432617583223,56.619054362638714,17,45,100,case_completed,3838.771885786904,1.13
96kc12,2,3440.996147417546,57.34993579029243,17,46,100,case_completed,3888.3256465818267,1.13
96kc12,2,3542.979640086734,59.04966066811224,17,47,100,case_completed,4003.566993298009,1.13
96kc12,2,3761.687029295486,62.694783821591436,17,48,100,case_completed,4250.706343103899,1.13
96kc12,2,3805.817207648518,63.43028679414196,18,49,100,case_completed,4300.573444642825,1.13
96kc12,2,3821.297818853982,63.68829698089969,18,50,100,case_completed,4318.066535304999,1.13
96kc12,2,3907.4348580061287,65.12391430010214,19,51,100,case_completed,4415.401389546925,1.13
96kc12,2,3994.252861117681,66.57088101862801,19,52,100,case_completed,4513.505733062979,1.13
96kc12,2,3997.0441239405905,66.61740206567652,19,53,100,case_completed,4516.659860052867,1.13
96kc12,2,4082.836459729969,68.04727432883283,20,54,100,case_completed,4613.605199494865,1.13
96kc12,2,4217.289193832745,70.28815323054575,20,55,100,case_completed,4765.536789031001,1.13
96kc12,2,4398.278571960962,73.30464286601602,21,56,100,case_completed,4970.054786315886,1.13
96kc12,2,4454.70446511316,74.24507441855268,21,57,100,case_completed,5033.816045577871,1.13
96kc12,2,4523.494292546757,75.39157154244593,22,58,100,case_completed,5111.548550577834,1.13
96kc12,2,4565.452342163525,76.09087236939207,22,59,100,case_completed,5158.961146644782,1.13
96kc12,2,4582.505698215868,76.37509497026446,22,60,100,case_completed,5178.23143898393,1.13
96kc12,2,4770.08251909999,79.50137531833317,22,61,100,case_completed,5390.193246582989,1.13
96kc12,2,4837.661316706923,80.62768861178205,22,62,100,case_completed,5466.5572878788225,1.13
96kc12,2,5096.077871330874,84.9346311888479,23,63,100,case_completed,5758.567994603887,1.13
96kc12,2,5229.368787249386,87.15614645415643,24,64,100,case_completed,5909.1867295918055,1.13
96kc12,2,5234.992078892821,87.24986798154703,24,65,100,case_completed,5915.541049148887,1.13
96kc12,2,5355.501596162722,89.25835993604538,24,66,100,case_completed,6051.716803663876,1.13
96kc12,2,5367.464533720199,89.45774222866999,24,67,100,case_completed,6065.234923103824,1.13
96kc12,2,5558.701369643369,92.64502282738947,24,68,100,case_completed,6281.332547697006,1.13
96kc12,2,5613.735778830056,93.56226298050093,25,69,100,case_completed,6343.521430077963,1.13
96kc12,2,5629.246530157465,93.82077550262441,26,70,100,case_completed,6361.048579077935,1.13
96kc12,2,5846.2514488760025,97.43752414793337,27,71,100,case_completed,6606.264137229882,1.13
96kc12,2,6152.526716418582,102.5421119403097,27,72,100,case_completed,6952.355189552996,1.13
96kc12,2,6167.942127072566,102.79903545120943,28,73,100,case_completed,6969.774603591999,1.13
96kc12,2,6403.655278596377,106.72758797660627,29,74,100,case_completed,7236.130464813905,1.13
96kc12,2,6567.423571304385,109.45705952173977,29,75,100,case_completed,7421.188635573955,1.13
96kc12,2,6733.106227305232,112.21843712175388,30,76,100,case_completed,7608.410036854912,1.13
96kc12,2,6826.745879946821,113.7790979991137,31,77,100,case_completed,7714.222844339907,1.13
96kc12,2,6866.411443709693,114.44019072849488,31,78,100,case_completed,7759.044931391953,1.13
96kc12,2,6924.649606404241,115.41082677340404,32,79,100,case_completed,7824.854055236792,1.13
96kc12,2,6936.239415836991,115.60399026394985,33,80,100,case_completed,7837.950539895799,1.13
96kc12,2,7047.185455050436,117.45309091750727,33,81,100,case_completed,7963.319564206991,1.13
96kc12,2,7050.251633279538,117.50419388799227,33,82,100,case_completed,7966.784345605876,1.13
96kc12,2,7111.199152702467,118.51998587837443,33,83,100,case_completed,8035.655042553786,1.13
96kc12,2,7150.646746340538,119.17744577234231,33,84,100,case_completed,8080.230823364807,1.13
96kc12,2,7383.643090486552,123.06071817477587,34,85,100,case_completed,8343.516692249803,1.13
96kc12,2,7441.3158941663705,124.02193156943952,34,86,100,case_completed,8408.686960407998,1.13
96kc12,2,7557.879234177877,125.96465390296461,34,87,100,case_completed,8540.403534621,1.13
96kc12,2,7581.133176819463,126.35221961365772,34,88,100,case_completed,8566.680489805993,1.13
96kc12,2,7599.678262657347,126.66130437762246,34,89,100,case_completed,8587.6364368028,1.13
96kc12,2,7751.281617281225,129.1880269546871,35,90,100,case_completed,8758.948227527784,1.13
96kc12,2,7790.130916475196,129.83551527458658,36,91,100,case_completed,8802.84793561697,1.13
96kc12,2,7936.210508286682,132.27017513811134,36,92,100,case_completed,8967.91787436395,1.13
96kc12,2,7965.927118332686,132.76545197221145,37,93,100,case_completed,9001.497643715935,1.13
96kc12,2,7978.494904291882,132.97491507153137,38,94,100,case_completed,9015.699241849827,1.13
96kc12,2,8112.410202915822,135.2068367152637,39,95,100,case_completed,9167.023529294878,1.13
96kc12,2,8154.30322579372,135.90505376322866,40,96,100,case_completed,9214.362645146903,1.13
96kc12,2,8227.062632935329,137.11771054892213,41,97,100,case_completed,9296.58077521692,1.13
96kc12,2,8305.30168721679,138.42169478694652,41,98,100,case_completed,9384.990906554973,1.13
96kc12,2,8510.77918089098,141.84631968151635,41,99,100,case_completed,9617.180474406807,1.13
96kc12,2,8682.05047991576,144.70084133192933,41,100,100,case_completed,9810.717042304808,1.13
96kc12,2,8682.05047991576,144.70084133192933,41,100,100,completed,9810.717042304808,1.13
96kc12,3,0.0,0.0,0,0,100,started,0.0,1.13
96kc12,3,249.80016077777984,4.163336012962997,0,1,100,case_completed,282.2741816788912,1.13
96kc12,3,305.44271297872365,5.090711882978727,0,2,100,case_completed,345.1502656659577,1.13
96kc12,3,331.73426031402886,5.5289043385671475,1,3,100,case_completed,374.85971415485255,1.13
96kc12,3,489.7286479468499,8.162144132447498,1,4,100,case_completed,553.3933721799403,1.13
96kc12,3,551.916675698177,9.198611261636282,1,5,100,case_completed,623.66584353894,1.13
96kc12,3,649.8946241725369,10.83157706954228,1,6,100,case_completed,734.3809253149666,1.13
96kc12,3,707.239154119465,11.787319235324416,1,7,100,case_completed,799.1802441549953,1.13
96kc12,3,771.5904690945456,12.85984115157576,1,8,100,case_completed,871.8972300768364,1.13
96kc12,3,889.1516064460579,14.819193440767632,2,9,100,case_completed,1004.7413152840454,1.13
96kc12,3,967.0530988177517,16.11755164696253,3,10,100,case_completed,1092.7700016640592,1.13
96kc12,3,982.9111375326737,16.381852292211228,3,11,100,case_completed,1110.6895854119211,1.13
96kc12,3,1115.877816641489,18.597963610691487,4,12,100,case_completed,1260.9419328048825,1.13
96kc12,3,1175.1804648416398,19.586341080693998,5,13,100,case_completed,1327.9539252710529,1.13
96kc12,3,1196.3112760141526,19.938521266902544,6,14,100,case_completed,1351.8317418959923,1.13
96kc12,3,1298.7703494857421,21.646172491429034,6,15,100,case_completed,1467.6104949188884,1.13
96kc12,3,1395.586135394591,23.259768923243186,7,16,100,case_completed,1577.0123329958878,1.13
96kc12,3,1484.7169881336295,24.74528313556049,8,17,100,case_completed,1677.730196591001,1.13
96kc12,3,1704.9738301318635,28.416230502197724,8,18,100,case_completed,1926.6204280490056,1.13
96kc12,3,2012.1098819423667,33.53516469903944,9,19,100,case_completed,2273.684166594874,1.13
96kc12,3,2018.4300051653859,33.640500086089766,9,20,100,case_completed,2280.825905836886,1.13
96kc12,3,2100.2117282591466,35.00352880431911,9,21,100,case_completed,2373.2392529328354,1.13
96kc12,3,2101.2952440053605,35.021587400089345,10,22,100,case_completed,2374.463625726057,1.13
96kc12,3,2241.8999761087507,37.364999601812514,10,23,100,case_completed,2533.3469730028883,1.13
96kc12,3,2298.0363212841094,38.30060535473516,11,24,100,case_completed,2596.7810430510435,1.13
96kc12,3,2513.2179720770255,41.88696620128376,11,25,100,case_completed,2839.9363084470388,1.13
96kc12,3,2567.6353585821853,42.79392264303642,12,26,100,case_completed,2901.427955197869,1.13
96kc12,3,2602.5255026573946,43.37542504428991,12,27,100,case_completed,2940.8538180028554,1.13
96kc12,3,2616.290500486657,43.60484167477762,13,28,100,case_completed,2956.4082655499224,1.13
96kc12,3,2676.342045796409,44.60570076327348,13,29,100,case_completed,3024.266511749942,1.13
96kc12,3,2804.6640339892656,46.74440056648776,13,30,100,case_completed,3169.27035840787,1.13
96kc12,3,3162.4588052325976,52.707646753876624,13,31,100,case_completed,3573.578449912835,1.13
96kc12,3,3265.41705247431,54.4236175412385,13,32,100,case_completed,3689.92126929597,1.13
96kc12,3,3275.616023121237,54.59360038535395,14,33,100,case_completed,3701.4461061269976,1.13
96kc12,3,3323.070593953001,55.38450989921668,15,34,100,case_completed,3755.069771166891,1.13
96kc12,3,3326.758603385724,55.4459767230954,15,35,100,case_completed,3759.237221825868,1.13
96kc12,3,3394.1011580292434,56.56835263382073,16,36,100,case_completed,3835.334308573045,1.13
96kc12,3,3454.694610192086,57.578243503201435,16,37,100,case_completed,3903.8049095170572,1.13
96kc12,3,3501.3273065450267,58.35545510908378,16,38,100,case_completed,3956.4998563958798,1.13
96kc12,3,3540.6175505194765,59.01029250865794,16,39,100,case_completed,4000.8978320870083,1.13
96kc12,3,3580.97147949996,59.682857991666,16,40,100,case_completed,4046.4977718349546,1.13
96kc12,3,3652.697523541551,60.87829205902585,16,41,100,case_completed,4127.548201601952,1.13
96kc12,3,3660.4030646787614,61.006717744646025,16,42,100,case_completed,4136.255463087,1.13
96kc12,3,3803.697060611495,63.39495101019158,16,43,100,case_completed,4298.177678490989,1.13
96kc12,3,3955.490342791984,65.92483904653307,16,44,100,case_completed,4469.704087354941,1.13
96kc12,3,3959.7841380831615,65.99640230138603,16,45,100,case_completed,4474.556076033972,1.13
96kc12,3,3997.1418064229806,66.61903010704968,17,46,100,case_completed,4516.770241257967,1.13
96kc12,3,4023.1339460230574,67.05223243371762,18,47,100,case_completed,4546.141359006055,1.13
96kc12,3,4177.1323494353555,69.61887249058925,19,48,100,case_completed,4720.159554861952,1.13
96kc12,3,4195.676538739684,69.92794231232806,20,49,100,case_completed,4741.114488775842,1.13
96kc12,3,4212.075951807119,70.20126586345198,20,50,100,case_completed,4759.645825542044,1.13
96kc12,3,4235.819384532742,70.59698974221237,21,51,100,case_completed,4786.475904521998,1.13
96kc12,3,4286.850803360071,71.44751338933452,21,52,100,case_completed,4844.14140779688,1.13
96kc12,3,4477.381355746905,74.62302259578176,21,53,100,case_completed,5059.440931994002,1.13
96kc12,3,4513.821716034431,75.23036193390718,22,54,100,case_completed,5100.6185391189065,1.13
96kc12,3,4681.663902443257,78.02773170738763,22,55,100,case_completed,5290.28020976088,1.13
96kc12,3,4705.784248678731,78.42973747797885,23,56,100,case_completed,5317.536201006966,1.13
96kc12,3,4759.0588511009,79.31764751834834,24,57,100,case_completed,5377.736501744017,1.13
96kc12,3,4790.0015042476625,79.83335840412771,24,58,100,case_completed,5412.701699799858,1.13
96kc12,3,4850.896326224814,80.84827210374691,24,59,100,case_completed,5481.51284863404,1.13
96kc12,3,4876.44711148748,81.27411852479133,24,60,100,case_completed,5510.385235980852,1.13
96kc12,3,4894.863424186628,81.58105706977715,24,61,100,case_completed,5531.195669330889,1.13
96kc12,3,4985.979573332615,83.09965955554357,24,62,100,case_completed,5634.156917865854,1.13
96kc12,3,4998.855140643293,83.31425234405489,24,63,100,case_completed,5648.706308926921,1.13
96kc12,3,5077.383146390311,84.62305243983852,24,64,100,case_completed,5737.442955421051,1.13
96kc12,3,5091.750338091103,84.86250563485173,25,65,100,case_completed,5753.677882042946,1.13
96kc12,3,5239.720054061886,87.32866756769809,25,66,100,case_completed,5920.883661089931,1.13
96kc12,3,5557.61510684872,92.62691844747867,26,67,100,case_completed,6280.105070739053,1.13
96kc12,3,5628.428137525546,93.80713562542577,27,68,100,case_completed,6360.123795403866,1.13
96kc12,3,5697.885530214939,94.96475883691564,27,69,100,case_completed,6438.61064914288,1.13
96kc12,3,5714.732492043415,95.24554153405691,28,70,100,case_completed,6457.647716009058,1.13
96kc12,3,5739.614134907838,95.66023558179731,28,71,100,case_completed,6485.763972445857,1.13
96kc12,3,5885.082576617566,98.08470961029278,29,72,100,case_completed,6650.143311577849,1.13
96kc12,3,5887.321660432767,98.12202767387946,30,73,100,case_completed,6652.673476289026,1.13
96kc12,3,6084.352082200761,101.40586803667935,30,74,100,case_completed,6875.317852886859,1.13
96kc12,3,6112.839136145952,101.8806522690992,30,75,100,case_completed,6907.508223844925,1.13
96kc12,3,6114.975415704467,101.91625692840779,31,76,100,case_completed,6909.922219746048,1.13
96kc12,3,6208.4521034211175,103.4742017236853,31,77,100,case_completed,7015.550876865862,1.13
96kc12,3,6389.610669248639,106.49351115414399,31,78,100,case_completed,7220.2600562509615,1.13
96kc12,3,6476.4026742459455,107.94004457076575,32,79,100,case_completed,7318.335021897918,1.13
96kc12,3,6592.51858408839,109.8753097348065,33,80,100,case_completed,7449.54600001988,1.13
96kc12,3,6747.149204050472,112.45248673417453,33,81,100,case_completed,7624.278600577032,1.13
96kc12,3,6798.40566239019,113.30676103983649,33,82,100,case_completed,7682.198398500914,1.13
96kc12,3,6889.7066917857655,114.82844486309608,33,83,100,case_completed,7785.368561717914,1.13
96kc12,3,6907.647543927384,115.12745906545639,34,84,100,case_completed,7805.641724637942,1.13
96kc12,3,6974.663479643281,116.24439132738802,34,85,100,case_completed,7881.369731996907,1.13
96kc12,3,7272.183974813135,121.20306624688557,35,86,100,case_completed,8217.567891538842,1.13
96kc12,3,7287.34706426637,121.4557844044395,36,87,100,case_completed,8234.702182620997,1.13
96kc12,3,7299.913435317659,121.66522392196099,37,88,100,case_completed,8248.902181908954,1.13
96kc12,3,7335.799282530851,122.26332137551417,37,89,100,case_completed,8289.45318925986,1.13
96kc12,3,7354.493194662728,122.57488657771214,37,90,100,case_completed,8310.577309968881,1.13
96kc12,3,7580.858243549597,126.3476373924933,37,91,100,case_completed,8566.369815211045,1.13
96kc12,3,7918.713714859235,131.97856191432058,37,92,100,case_completed,8948.146497790935,1.13
96kc12,3,7919.492303160127,131.99153838600213,37,93,100,case_completed,8949.026302570943,1.13
96kc12,3,7937.904201792059,132.29840336320098,38,94,100,case_completed,8969.831748025026,1.13
96kc12,3,7987.331478337066,133.12219130561775,38,95,100,case_completed,9025.684570520883,1.13
96kc12,3,8020.208161524745,133.67013602541243,39,96,100,case_completed,9062.835222522961,1.13
96kc12,3,8048.67109374238,134.14451822903965,40,97,100,case_completed,9094.998335928889,1.13
96kc12,3,8065.403088512296,134.42338480853826,40,98,100,case_completed,9113.905490018893,1.13
96kc12,3,8213.556213896369,136.89260356493946,40,99,100,case_completed,9281.318521702895,1.13
96kc12,3,8834.171405449444,147.2361900908241,41,100,100,case_completed,9982.613688157871,1.13
96kc12,3,8834.171405449444,147.2361900908241,41,100,100,completed,9982.613688157871,1.13
kv96k c14,1,0.0,0.0,0,0,100,started,0.0,1.0
kv96k c14,1,302.4280249811709,5.040467083019515,1,1,100,case_completed,302.4280249811709,1.0
kv96k c14,1,316.79282670095563,5.279880445015928,1,2,100,case_completed,316.79282670095563,1.0
kv96k c14,1,319.7156542316079,5.328594237193466,1,3,100,case_completed,319.7156542316079,1.0
kv96k c14,1,342.0075168721378,5.700125281202296,1,4,100,case_completed,342.0075168721378,1.0
kv96k c14,1,457.20056714862585,7.620009452477097,1,5,100,case_completed,457.20056714862585,1.0
kv96k c14,1,481.6904982402921,8.028174970671534,1,6,100,case_completed,481.6904982402921,1.0
kv96k c14,1,589.3711969777942,9.822853282963235,1,7,100,case_completed,589.3711969777942,1.0
kv96k c14,1,635.1373401172459,10.585622335287432,2,8,100,case_completed,635.1373401172459,1.0
kv96k c14,1,648.4752442538738,10.807920737564563,3,9,100,case_completed,648.4752442538738,1.0
kv96k c14,1,668.9550325907767,11.149250543179612,4,10,100,case_completed,668.9550325907767,1.0
kv96k c14,1,694.4033464342356,11.57338910723726,4,11,100,case_completed,694.4033464342356,1.0
kv96k c14,1,825.1887574717402,13.753145957862337,4,12,100,case_completed,825.1887574717402,1.0
kv96k c14,1,946.2581944838166,15.770969908063611,4,13,100,case_completed,946.2581944838166,1.0
kv96k c14,1,992.5755774639547,16.54292629106591,5,14,100,case_completed,992.5755774639547,1.0
kv96k c14,1,996.678316693753,16.611305278229217,5,15,100,case_completed,996.678316693753,1.0
kv96k c14,1,1003.806010439992,16.730100173999865,5,16,100,case_completed,1003.806010439992,1.0
kv96k c14,1,1015.1789328306913,16.919648880511524,5,17,100,case_completed,1015.1789328306913,1.0
kv96k c14,1,1100.4964346066117,18.34160724344353,5,18,100,case_completed,1100.4964346066117,1.0
kv96k c14,1,1125.3435929976404,18.755726549960674,5,19,100,case_completed,1125.3435929976404,1.0
kv96k c14,1,1177.534427743405,19.62557379572342,5,20,100,case_completed,1177.534427743405,1.0
kv96k c14,1,1187.537575457245,19.79229292428742,5,21,100,case_completed,1187.537575457245,1.0
kv96k c14,1,1289.5828736275434,21.49304789379239,5,22,100,case_completed,1289.5828736275434,1.0
kv96k c14,1,1318.4595028273761,21.974325047122935,6,23,100,case_completed,1318.4595028273761,1.0
kv96k c14,1,1345.8692828603089,22.431154714338483,7,24,100,case_completed,1345.8692828603089,1.0
kv96k c14,1,1556.9962655678391,25.949937759463985,7,25,100,case_completed,1556.9962655678391,1.0
kv96k c14,1,1589.0899477899075,26.484832463165123,7,26,100,case_completed,1589.0899477899075,1.0
kv96k c14,1,1662.4376873411238,27.70729478901873,8,27,100,case_completed,1662.4376873411238,1.0
kv96k c14,1,1821.1977099329233,30.353295165548722,9,28,100,case_completed,1821.1977099329233,1.0
kv96k c14,1,1918.849376425147,31.980822940419117,10,29,100,case_completed,1918.849376425147,1.0
kv96k c14,1,1979.7594095394015,32.995990158990026,11,30,100,case_completed,1979.7594095394015,1.0
kv96k c14,1,1983.3588867001235,33.05598144500206,11,31,100,case_completed,1983.3588867001235,1.0
kv96k c14,1,2264.2466265894473,37.737443776490785,11,32,100,case_completed,2264.2466265894473,1.0
kv96k c14,1,2285.301331974566,38.08835553290943,12,33,100,case_completed,2285.301331974566,1.0
kv96k c14,1,2305.791427053511,38.42985711755852,12,34,100,case_completed,2305.791427053511,1.0
kv96k c14,1,2668.869602896273,44.48116004827122,13,35,100,case_completed,2668.869602896273,1.0
kv96k c14,1,2685.7487166300416,44.76247861050069,13,36,100,case_completed,2685.7487166300416,1.0
kv96k c14,1,2700.845270831138,45.01408784718563,13,37,100,case_completed,2700.845270831138,1.0
kv96k c14,1,2702.9023843333125,45.04837307222188,13,38,100,case_completed,2702.9023843333125,1.0
kv96k c14,1,2707.6022915430367,45.12670485905061,13,39,100,case_completed,2707.6022915430367,1.0
kv96k c14,1,2798.387266151607,46.639787769193454,14,40,100,case_completed,2798.387266151607,1.0
kv96k c14,1,2820.638814162463,47.01064690270771,15,41,100,case_completed,2820.638814162463,1.0
kv96k c14,1,2887.968387685716,48.1328064614286,16,42,100,case_completed,2887.968387685716,1.0
kv96k c14,1,2997.803226787597,49.963387113126615,17,43,100,case_completed,2997.803226787597,1.0
kv96k c14,1,3018.1935668215156,50.30322611369193,17,44,100,case_completed,3018.1935668215156,1.0
kv96k c14,1,3220.2604768052697,53.67100794675449,17,45,100,case_completed,3220.2604768052697,1.0
kv96k c14,1,3279.8008661307395,54.66334776884566,17,46,100,case_completed,3279.8008661307395,1.0
kv96k c14,1,3428.7481306008995,57.145802176681656,17,47,100,case_completed,3428.7481306008995,1.0
kv96k c14,1,3519.6717056781054,58.66119509463509,17,48,100,case_completed,3519.6717056781054,1.0
kv96k c14,1,3612.248744189739,60.204145736495654,17,49,100,case_completed,3612.248744189739,1.0
kv96k c14,1,3626.7798609808087,60.44633101634681,17,50,100,case_completed,3626.7798609808087,1.0
kv96k c14,1,3788.4829764142632,63.14138294023772,17,51,100,case_completed,3788.4829764142632,1.0
kv96k c14,1,3896.7573147304356,64.94595524550726,17,52,100,case_completed,3896.7573147304356,1.0
kv96k c14,1,4073.6991672068834,67.89498612011472,17,53,100,case_completed,4073.6991672068834,1.0
kv96k c14,1,4377.315418373793,72.95525697289655,17,54,100,case_completed,4377.315418373793,1.0
kv96k c14,1,4517.980054128915,75.29966756881525,17,55,100,case_completed,4517.980054128915,1.0
kv96k c14,1,4549.611100476235,75.82685167460392,18,56,100,case_completed,4549.611100476235,1.0
kv96k c14,1,4582.958702355623,76.38264503926038,18,57,100,case_completed,4582.958702355623,1.0
kv96k c14,1,4789.900474369526,79.83167457282543,19,58,100,case_completed,4789.900474369526,1.0
kv96k c14,1,4914.771604850888,81.91286008084813,19,59,100,case_completed,4914.771604850888,1.0
kv96k c14,1,4935.33992696926,82.25566544948767,20,60,100,case_completed,4935.33992696926,1.0
kv96k c14,1,5002.597446061671,83.37662410102784,20,61,100,case_completed,5002.597446061671,1.0
kv96k c14,1,5009.301798135042,83.4883633022507,20,62,100,case_completed,5009.301798135042,1.0
kv96k c14,1,5143.103777773678,85.71839629622797,20,63,100,case_completed,5143.103777773678,1.0
kv96k c14,1,5221.437328070402,87.02395546784004,20,64,100,case_completed,5221.437328070402,1.0
kv96k c14,1,5266.338499493897,87.77230832489828,21,65,100,case_completed,5266.338499493897,1.0
kv96k c14,1,5495.6717833168805,91.594529721948,21,66,100,case_completed,5495.6717833168805,1.0
kv96k c14,1,5508.25986167416,91.80433102790266,21,67,100,case_completed,5508.25986167416,1.0
kv96k c14,1,5625.820341680199,93.76367236133665,21,68,100,case_completed,5625.820341680199,1.0
kv96k c14,1,5631.9038434661925,93.86506405776987,21,69,100,case_completed,5631.9038434661925,1.0
kv96k c14,1,5640.527404140681,94.00879006901135,22,70,100,case_completed,5640.527404140681,1.0
kv96k c14,1,5731.309514608234,95.52182524347057,23,71,100,case_completed,5731.309514608234,1.0
kv96k c14,1,5825.478839676827,97.09131399461378,23,72,100,case_completed,5825.478839676827,1.0
kv96k c14,1,5862.031428668648,97.70052381114414,24,73,100,case_completed,5862.031428668648,1.0
kv96k c14,1,6133.132612250745,102.21887687084576,25,74,100,case_completed,6133.132612250745,1.0
kv96k c14,1,6443.680224876851,107.39467041461418,26,75,100,case_completed,6443.680224876851,1.0
kv96k c14,1,6443.834283713251,107.39723806188752,26,76,100,case_completed,6443.834283713251,1.0
kv96k c14,1,6515.629896510392,108.59383160850653,27,77,100,case_completed,6515.629896510392,1.0
kv96k c14,1,6625.946036927402,110.43243394879003,27,78,100,case_completed,6625.946036927402,1.0
kv96k c14,1,6660.811685677618,111.01352809462696,28,79,100,case_completed,6660.811685677618,1.0
kv96k c14,1,6682.516468834132,111.37527448056886,29,80,100,case_completed,6682.516468834132,1.0
kv96k c14,1,6690.897582542151,111.51495970903585,29,81,100,case_completed,6690.897582542151,1.0
kv96k c14,1,6833.56550950557,113.8927584917595,30,82,100,case_completed,6833.56550950557,1.0
kv96k c14,1,6895.800402849913,114.93000671416522,30,83,100,case_completed,6895.800402849913,1.0
kv96k c14,1,7007.881378643215,116.7980229773869,30,84,100,case_completed,7007.881378643215,1.0
kv96k c14,1,7010.86797529459,116.84779958824316,31,85,100,case_completed,7010.86797529459,1.0
kv96k c14,1,7024.342325478792,117.0723720913132,32,86,100,case_completed,7024.342325478792,1.0
kv96k c14,1,7031.370270740241,117.18950451233735,33,87,100,case_completed,7031.370270740241,1.0
kv96k c14,1,7064.163377538323,117.73605629230539,34,88,100,case_completed,7064.163377538323,1.0
kv96k c14,1,7338.3057518824935,122.30509586470822,35,89,100,case_completed,7338.3057518824935,1.0
kv96k c14,1,7341.7923080436885,122.36320513406147,36,90,100,case_completed,7341.7923080436885,1.0
kv96k c14,1,7404.650233365595,123.41083722275992,37,91,100,case_completed,7404.650233365595,1.0
kv96k c14,1,7557.281593326479,125.95469322210799,37,92,100,case_completed,7557.281593326479,1.0
kv96k c14,1,7576.975733578205,126.28292889297009,37,93,100,case_completed,7576.975733578205,1.0
kv96k c14,1,7666.799806758761,127.7799967793127,37,94,100,case_completed,7666.799806758761,1.0
kv96k c14,1,7705.864929199219,128.43108215332032,38,95,100,case_completed,7705.864929199219,1.0
kv96k c14,1,7796.812895461917,129.94688159103194,38,96,100,case_completed,7796.812895461917,1.0
kv96k c14,1,7799.096111562103,129.98493519270173,39,97,100,case_completed,7799.096111562103,1.0
kv96k c14,1,7932.914573546499,132.21524289244164,40,98,100,case_completed,7932.914573546499,1.0
kv96k c14,1,7938.204124391079,132.30340207318466,40,99,100,case_completed,7938.204124391079,1.0
kv96k c14,1,8061.009870275855,134.3501645045976,41,100,100,case_completed,8061.009870275855,1.0
kv96k c14,1,8061.009870275855,134.3501645045976,41,100,100,completed,8061.009870275855,1.0
kv96k c14,2,0.0,0.0,0,0,100,started,0.0,1.0
kv96k c14,2,184.5842948909849,3.076404914849748,0,1,100,case_completed,184.5842948909849,1.0
kv96k c14,2,298.06147131999023,4.967691188666504,0,2,100,case_completed,298.06147131999023,1.0
kv96k c14,2,446.048937716987,7.434148961949783,0,3,100,case_completed,446.048937716987,1.0
kv96k c14,2,483.96479257405736,8.066079876234289,1,4,100,case_completed,483.96479257405736,1.0
kv96k c14,2,544.0952185860369,9.068253643100615,1,5,100,case_completed,544.0952185860369,1.0
kv96k c14,2,550.4423527219333,9.174039212032222,2,6,100,case_completed,550.4423527219333,1.0
kv96k c14,2,567.8099313050043,9.463498855083404,3,7,100,case_completed,567.8099313050043,1.0
kv96k c14,2,578.0449268459342,9.634082114098904,4,8,100,case_completed,578.0449268459342,1.0
kv96k c14,2,609.5121997219976,10.158536662033294,4,9,100,case_completed,609.5121997219976,1.0
kv96k c14,2,654.5527596389875,10.909212660649791,4,10,100,case_completed,654.5527596389875,1.0
kv96k c14,2,957.087943688035,15.951465728133916,5,11,100,case_completed,957.087943688035,1.0
kv96k c14,2,963.0477798099164,16.050796330165273,5,12,100,case_completed,963.0477798099164,1.0
kv96k c14,2,995.7284070169553,16.59547345028259,6,13,100,case_completed,995.7284070169553,1.0
kv96k c14,2,1015.2314850650728,16.920524751084546,6,14,100,case_completed,1015.2314850650728,1.0
kv96k c14,2,1055.2438427871093,17.587397379785155,7,15,100,case_completed,1055.2438427871093,1.0
kv96k c14,2,1074.8146045599133,17.91357674266522,8,16,100,case_completed,1074.8146045599133,1.0
kv96k c14,2,1086.9741916269995,18.11623652711666,8,17,100,case_completed,1086.9741916269995,1.0
kv96k c14,2,1172.3703042280395,19.539505070467325,9,18,100,case_completed,1172.3703042280395,1.0
kv96k c14,2,1284.7674463640433,21.412790772734056,10,19,100,case_completed,1284.7674463640433,1.0
kv96k c14,2,1306.5714666210115,21.77619111035019,11,20,100,case_completed,1306.5714666210115,1.0
kv96k c14,2,1356.7536496159155,22.612560826931926,12,21,100,case_completed,1356.7536496159155,1.0
kv96k c14,2,1498.839378179051,24.980656302984183,12,22,100,case_completed,1498.839378179051,1.0
kv96k c14,2,1605.2330279129092,26.753883798548486,13,23,100,case_completed,1605.2330279129092,1.0
kv96k c14,2,1631.858083586907,27.19763472644845,14,24,100,case_completed,1631.858083586907,1.0
kv96k c14,2,1698.461022292031,28.307683704867184,15,25,100,case_completed,1698.461022292031,1.0
kv96k c14,2,1759.8413123060018,29.330688538433364,16,26,100,case_completed,1759.8413123060018,1.0
kv96k c14,2,1815.4333049650304,30.257221749417173,17,27,100,case_completed,1815.4333049650304,1.0
kv96k c14,2,1905.665193943074,31.7610865657179,18,28,100,case_completed,1905.665193943074,1.0
kv96k c14,2,2187.829722033115,36.46382870055192,18,29,100,case_completed,2187.829722033115,1.0
kv96k c14,2,2234.543029228924,37.24238382048206,18,30,100,case_completed,2234.543029228924,1.0
kv96k c14,2,2436.676015344914,40.61126692241523,19,31,100,case_completed,2436.676015344914,1.0
kv96k c14,2,2436.7155515030026,40.61192585838338,19,32,100,case_completed,2436.7155515030026,1.0
kv96k c14,2,2518.222380019957,41.97037300033262,19,33,100,case_completed,2518.222380019957,1.0
kv96k c14,2,2640.4869895130396,44.008116491883996,19,34,100,case_completed,2640.4869895130396,1.0
kv96k c14,2,2689.9171961890534,44.831953269817554,20,35,100,case_completed,2689.9171961890534,1.0
kv96k c14,2,2740.2647404300515,45.67107900716753,20,36,100,case_completed,2740.2647404300515,1.0
kv96k c14,2,2808.2241002400406,46.80373500400068,21,37,100,case_completed,2808.2241002400406,1.0
kv96k c14,2,2867.525958630955,47.792099310515916,21,38,100,case_completed,2867.525958630955,1.0
kv96k c14,2,3076.1391178721096,51.2689852978685,21,39,100,case_completed,3076.1391178721096,1.0
kv96k c14,2,3077.358561151894,51.28930935253156,22,40,100,case_completed,3077.358561151894,1.0
kv96k c14,2,3110.5738196880557,51.84289699480093,22,41,100,case_completed,3110.5738196880557,1.0
kv96k c14,2,3118.557661029976,51.97596101716626,22,42,100,case_completed,3118.557661029976,1.0
kv96k c14,2,3188.09369202191,53.13489486703183,23,43,100,case_completed,3188.09369202191,1.0
kv96k c14,2,3337.21134468494,55.62018907808233,24,44,100,case_completed,3337.21134468494,1.0
kv96k c14,2,3440.716706807958,57.3452784467993,25,45,100,case_completed,3440.716706807958,1.0
kv96k c14,2,3477.9286470708903,57.965477451181506,25,46,100,case_completed,3477.9286470708903,1.0
kv96k c14,2,3497.4157845000736,58.29026307500123,25,47,100,case_completed,3497.4157845000736,1.0
kv96k c14,2,3615.012291948078,60.2502048658013,25,48,100,case_completed,3615.012291948078,1.0
kv96k c14,2,3740.790888742078,62.34651481236797,26,49,100,case_completed,3740.790888742078,1.0
kv96k c14,2,3772.8280069809407,62.88046678301568,26,50,100,case_completed,3772.8280069809407,1.0
kv96k c14,2,4013.979222079972,66.89965370133287,26,51,100,case_completed,4013.979222079972,1.0
kv96k c14,2,4125.093972648028,68.75156621080048,27,52,100,case_completed,4125.093972648028,1.0
kv96k c14,2,4184.726411313051,69.74544018855086,28,53,100,case_completed,4184.726411313051,1.0
kv96k c14,2,4231.24844751507,70.52080745858451,28,54,100,case_completed,4231.24844751507,1.0
kv96k c14,2,4246.2118179209065,70.77019696534845,28,55,100,case_completed,4246.2118179209065,1.0
kv96k c14,2,4292.226013307925,71.53710022179875,29,56,100,case_completed,4292.226013307925,1.0
kv96k c14,2,4374.84256531205,72.91404275520084,29,57,100,case_completed,4374.84256531205,1.0
kv96k c14,2,4513.286681811092,75.22144469685153,29,58,100,case_completed,4513.286681811092,1.0
kv96k c14,2,4550.123335398035,75.83538892330058,29,59,100,case_completed,4550.123335398035,1.0
kv96k c14,2,4613.116320401896,76.88527200669826,30,60,100,case_completed,4613.116320401896,1.0
kv96k c14,2,4767.555819357047,79.45926365595078,30,61,100,case_completed,4767.555819357047,1.0
kv96k c14,2,4781.403209541924,79.69005349236541,31,62,100,case_completed,4781.403209541924,1.0
kv96k c14,2,4817.820495690918,80.29700826151529,32,63,100,case_completed,4817.820495690918,1.0
kv96k c14,2,4826.06233769306,80.43437229488433,32,64,100,case_completed,4826.06233769306,1.0
kv96k c14,2,4952.274400766939,82.53790667944898,32,65,100,case_completed,4952.274400766939,1.0
kv96k c14,2,4955.033453324111,82.58389088873518,33,66,100,case_completed,4955.033453324111,1.0
kv96k c14,2,4976.680734869093,82.94467891448488,33,67,100,case_completed,4976.680734869093,1.0
kv96k c14,2,4997.7979651640635,83.2966327527344,34,68,100,case_completed,4997.7979651640635,1.0
kv96k c14,2,5141.55342147802,85.69255702463367,34,69,100,case_completed,5141.55342147802,1.0
kv96k c14,2,5158.589910893934,85.97649851489889,35,70,100,case_completed,5158.589910893934,1.0
kv96k c14,2,5161.781865502009,86.02969775836682,36,71,100,case_completed,5161.781865502009,1.0
kv96k c14,2,5371.399833254982,89.5233305542497,36,72,100,case_completed,5371.399833254982,1.0
kv96k c14,2,5406.166137892054,90.10276896486758,37,73,100,case_completed,5406.166137892054,1.0
kv96k c14,2,5595.886296523968,93.2647716087328,38,74,100,case_completed,5595.886296523968,1.0
kv96k c14,2,5643.1755621230695,94.05292603538449,38,75,100,case_completed,5643.1755621230695,1.0
kv96k c14,2,5742.938947611954,95.7156491268659,39,76,100,case_completed,5742.938947611954,1.0
kv96k c14,2,5829.0586554680485,97.15097759113414,40,77,100,case_completed,5829.0586554680485,1.0
kv96k c14,2,5841.210149942897,97.35350249904829,40,78,100,case_completed,5841.210149942897,1.0
kv96k c14,2,5879.781151766889,97.99635252944815,41,79,100,case_completed,5879.781151766889,1.0
kv96k c14,2,5983.104488499928,99.71840814166548,42,80,100,case_completed,5983.104488499928,1.0
kv96k c14,2,6128.2266722559,102.137111204265,43,81,100,case_completed,6128.2266722559,1.0
kv96k c14,2,6205.230908890953,103.42051514818256,43,82,100,case_completed,6205.230908890953,1.0
kv96k c14,2,6269.752416284056,104.49587360473427,43,83,100,case_completed,6269.752416284056,1.0
kv96k c14,2,6318.466159564909,105.30776932608181,44,84,100,case_completed,6318.466159564909,1.0
kv96k c14,2,6394.291472356068,106.5715245392678,44,85,100,case_completed,6394.291472356068,1.0
kv96k c14,2,6420.901118668029,107.01501864446715,45,86,100,case_completed,6420.901118668029,1.0
kv96k c14,2,6483.494299687911,108.05823832813185,45,87,100,case_completed,6483.494299687911,1.0
kv96k c14,2,6552.970695663942,109.2161782610657,46,88,100,case_completed,6552.970695663942,1.0
kv96k c14,2,6669.489995860029,111.15816659766715,46,89,100,case_completed,6669.489995860029,1.0
kv96k c14,2,6671.211354749044,111.18685591248408,46,90,100,case_completed,6671.211354749044,1.0
kv96k c14,2,6724.874551898101,112.08124253163503,46,91,100,case_completed,6724.874551898101,1.0
kv96k c14,2,6749.315009414917,112.48858349024862,47,92,100,case_completed,6749.315009414917,1.0
kv96k c14,2,6808.020952085033,113.46701586808389,47,93,100,case_completed,6808.020952085033,1.0
kv96k c14,2,6873.369435928995,114.55615726548325,47,94,100,case_completed,6873.369435928995,1.0
kv96k c14,2,6910.200446600094,115.17000744333491,48,95,100,case_completed,6910.200446600094,1.0
kv96k c14,2,6935.980853708927,115.59968089514878,49,96,100,case_completed,6935.980853708927,1.0
kv96k c14,2,7154.253791996045,119.23756319993409,50,97,100,case_completed,7154.253791996045,1.0
kv96k c14,2,7484.5370444550645,124.74228407425107,51,98,100,case_completed,7484.5370444550645,1.0
kv96k c14,2,7587.237639521947,126.45396065869912,51,99,100,case_completed,7587.237639521947,1.0
kv96k c14,2,7776.611529825954,129.6101921637659,52,100,100,case_completed,7776.611529825954,1.0
kv96k c14,2,7776.611529825954,129.6101921637659,52,100,100,completed,7776.611529825954,1.0
kv96k c14,3,0.0,0.0,0,0,100,started,0.0,1.0
kv96k c14,3,123.55056617804803,2.0591761029674673,0,1,100,case_completed,123.55056617804803,1.0
kv96k c14,3,225.372032165993,3.7562005360998834,0,2,100,case_completed,225.372032165993,1.0
kv96k c14,3,257.7522279319819,4.2958704655330315,1,3,100,case_completed,257.7522279319819,1.0
kv96k c14,3,272.44970589107834,4.540828431517972,1,4,100,case_completed,272.44970589107834,1.0
kv96k c14,3,332.94891344592907,5.549148557432151,1,5,100,case_completed,332.94891344592907,1.0
kv96k c14,3,438.6734802920837,7.311224671534728,1,6,100,case_completed,438.6734802920837,1.0
kv96k c14,3,539.281737399986,8.988028956666433,1,7,100,case_completed,539.281737399986,1.0
kv96k c14,3,542.8406313979067,9.047343856631779,1,8,100,case_completed,542.8406313979067,1.0
kv96k c14,3,571.1950579269323,9.51991763211554,2,9,100,case_completed,571.1950579269323,1.0
kv96k c14,3,571.272976733977,9.521216278899617,3,10,100,case_completed,571.272976733977,1.0
kv96k c14,3,597.7491703059059,9.962486171765098,4,11,100,case_completed,597.7491703059059,1.0
kv96k c14,3,683.5309083808679,11.392181806347798,4,12,100,case_completed,683.5309083808679,1.0
kv96k c14,3,696.0443321198691,11.600738868664484,5,13,100,case_completed,696.0443321198691,1.0
kv96k c14,3,713.7329152668826,11.895548587781377,6,14,100,case_completed,713.7329152668826,1.0
kv96k c14,3,717.0017020120285,11.950028366867143,6,15,100,case_completed,717.0017020120285,1.0
kv96k c14,3,777.5860645868815,12.959767743114693,7,16,100,case_completed,777.5860645868815,1.0
kv96k c14,3,837.2920557819307,13.954867596365512,7,17,100,case_completed,837.2920557819307,1.0
kv96k c14,3,931.5539714319166,15.525899523865275,8,18,100,case_completed,931.5539714319166,1.0
kv96k c14,3,997.711075233994,16.62851792056657,9,19,100,case_completed,997.711075233994,1.0
kv96k c14,3,1020.7991151120514,17.013318585200857,10,20,100,case_completed,1020.7991151120514,1.0
kv96k c14,3,1199.1218053279445,19.98536342213241,10,21,100,case_completed,1199.1218053279445,1.0
kv96k c14,3,1226.4582617559936,20.44097102926656,11,22,100,case_completed,1226.4582617559936,1.0
kv96k c14,3,1268.9751483390573,21.149585805650954,12,23,100,case_completed,1268.9751483390573,1.0
kv96k c14,3,1336.8156260200776,22.28026043366796,12,24,100,case_completed,1336.8156260200776,1.0
kv96k c14,3,1338.221459759865,22.303690995997748,13,25,100,case_completed,1338.221459759865,1.0
kv96k c14,3,1340.7632477770094,22.346054129616824,14,26,100,case_completed,1340.7632477770094,1.0
kv96k c14,3,1399.8856812380254,23.33142802063376,14,27,100,case_completed,1399.8856812380254,1.0
kv96k c14,3,1618.0038708499633,26.96673118083272,14,28,100,case_completed,1618.0038708499633,1.0
kv96k c14,3,1721.2752710720524,28.687921184534208,14,29,100,case_completed,1721.2752710720524,1.0
kv96k c14,3,1727.0436478699557,28.784060797832595,14,30,100,case_completed,1727.0436478699557,1.0
kv96k c14,3,1921.776881574886,32.02961469291476,15,31,100,case_completed,1921.776881574886,1.0
kv96k c14,3,1951.1143321949057,32.51857220324843,15,32,100,case_completed,1951.1143321949057,1.0
kv96k c14,3,2150.5343472289387,35.84223912048231,16,33,100,case_completed,2150.5343472289387,1.0
kv96k c14,3,2165.4039471289143,36.090065785481904,17,34,100,case_completed,2165.4039471289143,1.0
kv96k c14,3,2222.349335510982,37.039155591849706,18,35,100,case_completed,2222.349335510982,1.0
kv96k c14,3,2318.6696411368903,38.64449401894817,19,36,100,case_completed,2318.6696411368903,1.0
kv96k c14,3,2319.643047041958,38.6607174506993,19,37,100,case_completed,2319.643047041958,1.0
kv96k c14,3,2361.5449657698628,39.359082762831044,19,38,100,case_completed,2361.5449657698628,1.0
kv96k c14,3,2595.0631660900544,43.251052768167575,19,39,100,case_completed,2595.0631660900544,1.0
kv96k c14,3,2596.1631084890105,43.26938514148351,19,40,100,case_completed,2596.1631084890105,1.0
kv96k c14,3,2600.244025199907,43.337400419998445,19,41,100,case_completed,2600.244025199907,1.0
kv96k c14,3,2682.9331269229297,44.71555211538216,19,42,100,case_completed,2682.9331269229297,1.0
kv96k c14,3,2735.153233513003,45.58588722521672,19,43,100,case_completed,2735.153233513003,1.0
kv96k c14,3,2991.772019142052,49.86286698570087,19,44,100,case_completed,2991.772019142052,1.0
kv96k c14,3,3019.618938497966,50.326982308299435,19,45,100,case_completed,3019.618938497966,1.0
kv96k c14,3,3059.207974730991,50.98679957884985,19,46,100,case_completed,3059.207974730991,1.0
kv96k c14,3,3116.6554686620366,51.94425781103394,20,47,100,case_completed,3116.6554686620366,1.0
kv96k c14,3,3120.040822054958,52.00068036758263,20,48,100,case_completed,3120.040822054958,1.0
kv96k c14,3,3370.501876391936,56.17503127319893,21,49,100,case_completed,3370.501876391936,1.0
kv96k c14,3,3384.0829902889673,56.401383171482784,21,50,100,case_completed,3384.0829902889673,1.0
kv96k c14,3,3492.9031788699795,58.21505298116632,21,51,100,case_completed,3492.9031788699795,1.0
kv96k c14,3,3662.320301620988,61.038671693683135,21,52,100,case_completed,3662.320301620988,1.0
kv96k c14,3,3727.282672930043,62.12137788216739,22,53,100,case_completed,3727.282672930043,1.0
kv96k c14,3,3876.188164605992,64.60313607676653,23,54,100,case_completed,3876.188164605992,1.0
kv96k c14,3,3932.832465461921,65.54720775769869,23,55,100,case_completed,3932.832465461921,1.0
kv96k c14,3,3941.115772492951,65.68526287488251,24,56,100,case_completed,3941.115772492951,1.0
kv96k c14,3,4208.946641824907,70.14911069708178,25,57,100,case_completed,4208.946641824907,1.0
kv96k c14,3,4263.537387171062,71.05895645285104,26,58,100,case_completed,4263.537387171062,1.0
kv96k c14,3,4309.705127414083,71.82841879023472,26,59,100,case_completed,4309.705127414083,1.0
kv96k c14,3,4356.973861173959,72.61623101956599,27,60,100,case_completed,4356.973861173959,1.0
kv96k c14,3,4365.49234186695,72.75820569778249,28,61,100,case_completed,4365.49234186695,1.0
kv96k c14,3,4417.44719474786,73.62411991246432,28,62,100,case_completed,4417.44719474786,1.0
kv96k c14,3,4460.983803923009,74.34973006538348,29,63,100,case_completed,4460.983803923009,1.0
kv96k c14,3,4573.651396393077,76.22752327321795,29,64,100,case_completed,4573.651396393077,1.0
kv96k c14,3,4604.732588774059,76.74554314623431,29,65,100,case_completed,4604.732588774059,1.0
kv96k c14,3,4618.1390253470745,76.96898375578458,29,66,100,case_completed,4618.1390253470745,1.0
kv96k c14,3,4729.516677476,78.82527795793334,29,67,100,case_completed,4729.516677476,1.0
kv96k c14,3,4895.363139650086,81.58938566083476,29,68,100,case_completed,4895.363139650086,1.0
kv96k c14,3,4950.1821803560015,82.50303633926669,30,69,100,case_completed,4950.1821803560015,1.0
kv96k c14,3,4950.31240160903,82.50520669348383,31,70,100,case_completed,4950.31240160903,1.0
kv96k c14,3,5044.234039576026,84.0705673262671,32,71,100,case_completed,5044.234039576026,1.0
kv96k c14,3,5086.214336056029,84.77023893426716,32,72,100,case_completed,5086.214336056029,1.0
kv96k c14,3,5195.873955119867,86.59789925199779,32,73,100,case_completed,5195.873955119867,1.0
kv96k c14,3,5343.078522589058,89.05130870981763,32,74,100,case_completed,5343.078522589058,1.0
kv96k c14,3,5343.427627254045,89.05712712090074,33,75,100,case_completed,5343.427627254045,1.0
kv96k c14,3,5585.159971381072,93.08599952301786,33,76,100,case_completed,5585.159971381072,1.0
kv96k c14,3,5627.3455906768795,93.78909317794799,33,77,100,case_completed,5627.3455906768795,1.0
kv96k c14,3,5815.211350955069,96.92018918258448,34,78,100,case_completed,5815.211350955069,1.0
kv96k c14,3,5850.291970639955,97.50486617733259,34,79,100,case_completed,5850.291970639955,1.0
kv96k c14,3,5911.8904383059125,98.53150730509854,35,80,100,case_completed,5911.8904383059125,1.0
kv96k c14,3,6015.778066012077,100.26296776686794,36,81,100,case_completed,6015.778066012077,1.0
kv96k c14,3,6123.117688413011,102.05196147355018,36,82,100,case_completed,6123.117688413011,1.0
kv96k c14,3,6209.627345971996,103.49378909953326,37,83,100,case_completed,6209.627345971996,1.0
kv96k c14,3,6216.472891945858,103.60788153243097,37,84,100,case_completed,6216.472891945858,1.0
kv96k c14,3,6219.381586426869,103.65635977378115,38,85,100,case_completed,6219.381586426869,1.0
kv96k c14,3,6283.957654072903,104.73262756788172,38,86,100,case_completed,6283.957654072903,1.0
kv96k c14,3,6304.88026584289,105.08133776404817,38,87,100,case_completed,6304.88026584289,1.0
kv96k c14,3,6318.498377630021,105.3083062938337,39,88,100,case_completed,6318.498377630021,1.0
kv96k c14,3,6322.252776873065,105.37087961455109,40,89,100,case_completed,6322.252776873065,1.0
kv96k c14,3,6465.758257658919,107.76263762764866,41,90,100,case_completed,6465.758257658919,1.0
kv96k c14,3,6526.849302493967,108.78082170823278,42,91,100,case_completed,6526.849302493967,1.0
kv96k c14,3,6766.949726839084,112.78249544731807,42,92,100,case_completed,6766.949726839084,1.0
kv96k c14,3,6898.895948074991,114.98159913458318,43,93,100,case_completed,6898.895948074991,1.0
kv96k c14,3,6996.814211091027,116.61357018485045,44,94,100,case_completed,6996.814211091027,1.0
kv96k c14,3,7065.400342142908,117.75667236904846,44,95,100,case_completed,7065.400342142908,1.0
kv96k c14,3,7107.93001570506,118.465500261751,45,96,100,case_completed,7107.93001570506,1.0
kv96k c14,3,7119.10045954003,118.65167432566717,46,97,100,case_completed,7119.10045954003,1.0
kv96k c14,3,7519.4228051060345,125.32371341843391,47,98,100,case_completed,7519.4228051060345,1.0
kv96k c14,3,7719.3961531540845,128.65660255256807,48,99,100,case_completed,7719.3961531540845,1.0
kv96k c14,3,8357.017131594941,139.2836188599157,48,100,100,case_completed,8357.017131594941,1.0
kv96k c14,3,8357.017131594941,139.2836188599157,48,100,100,completed,8357.017131594941,1.0
